region_nord,region_centre,region_sud,Month Value,Year Value,Vitesse du vent Axa0 100m (m/s),Production Ã©olienne (GWh),Rayonnement solaire global (W/m2),Production solaire (GWh)
0,0,0,2,2014,,6.518965000000001,,2.931509
0,0,1,3,2014,,220.644746,,116.568735
0,0,1,4,2014,,189.563606,,125.730294
0,0,1,4,2014,,9.671714,,98.951709
1,0,0,5,2014,,363.412141,,58.899353000000005
0,1,0,5,2014,,92.91900799999999,,43.046833
0,0,1,7,2014,,9.163458,,121.481425
0,0,1,8,2014,,2.6808680000000003,,14.544107
0,0,1,9,2014,,1.4911809999999999,,12.086627
0,0,0,10,2014,,2.616298,,4.0805940000000005
1,0,0,10,2014,,319.720927,,7.284372
0,1,0,10,2014,,70.08651400000001,,26.350609999999996
1,0,0,11,2014,,344.077186,,13.176289
0,0,1,11,2014,,2.803153,,5.973287
0,1,0,12,2014,,190.018215,,4.193184
1,0,0,12,2014,,135.53223300000002,,2.638403
0,0,1,12,2014,,15.684123000000001,,42.281633
0,1,0,1,2015,,130.956446,,12.736578999999999
0,0,1,1,2015,,12.261986,,54.762102
0,0,0,2,2015,,4.224572,,3.066745
1,0,0,2,2015,,108.136972,,5.538952
1,0,0,2,2015,,395.704364,,5.631488
0,1,0,2,2015,,162.172585,,9.674576
0,0,1,2,2015,,219.18231400000002,,79.766356
0,0,1,2,2015,,66.137766,,33.052793
0,1,0,4,2015,,104.029072,,21.780379999999997
0,0,1,4,2015,,68.631004,,186.20785800000002
0,1,0,5,2015,,51.522071999999994,,25.254782000000002
0,1,0,5,2015,,89.346835,,48.954078
0,1,0,5,2015,,112.731903,,21.560906
0,0,1,5,2015,,234.81027000000003,,181.999314
0,0,0,6,2015,,2.234207,,10.705527
0,1,0,6,2015,,116.778196,,32.939319
1,0,0,6,2015,,307.85535600000003,,65.723507
0,0,1,6,2015,,137.32700400000002,,198.08103799999998
0,0,1,6,2015,,6.622559,,139.670996
0,0,1,8,2015,,154.98298799999998,,181.518348
0,0,1,8,2015,,5.248003,,134.271735
0,0,0,9,2015,,6.4945580000000005,,7.044277
0,1,0,10,2015,,109.17472099999999,,15.017682999999998
0,1,0,10,2015,,45.532717,,13.817745
1,0,0,10,2015,,241.39824,,7.398642999999999
0,0,1,10,2015,,62.48055600000001,,48.915212
0,1,0,11,2015,,89.852593,,9.067798
0,0,1,11,2015,,75.14250200000001,,40.075569
0,0,1,11,2015,,10.178324,,74.950316
0,0,0,1,2016,,9.028172999999999,,1.8236990000000002
0,1,0,1,2016,40.52761133603239,262.37471400000004,7.46696356275303,7.040642999999999
1,0,0,1,2016,37.96080971659918,746.2811389999999,8.295263157894732,5.59614
0,1,0,2,2016,86.44607758620684,164.631573,9.242543103448275,23.337292
0,1,0,2,2016,74.7233189655172,200.313391,9.946336206896554,9.640264
0,0,1,2,2016,86.86538793103442,125.60084599999999,6.508232758620694,116.80529399999999
0,0,0,3,2016,,8.301748,,5.233893
0,1,0,3,2016,135.54433962264142,91.29998499999999,5.854037735849057,17.366192
1,0,0,3,2016,,628.1890860000001,,37.636237
0,1,0,3,2016,136.4586466165413,166.157104,8.219924812030081,36.866791
0,0,1,3,2016,180.42676691729332,11.889273,6.127593984962404,108.94804099999999
0,1,0,4,2016,180.30816666666652,129.406593,5.458416666666663,24.042223
0,1,0,4,2016,177.67191666666668,52.252866,4.816124999999998,19.749758
1,0,0,4,2016,194.43054166666678,382.836578,5.899958333333332,14.948437
0,1,0,4,2016,197.8592916666666,99.271114,6.427416666666662,43.250409000000005
0,0,1,4,2016,195.06150000000005,84.499596,3.809208333333332,75.503668
0,1,0,5,2016,205.90987903225812,62.179598999999996,4.870564516129033,23.467883
0,0,0,8,2016,,3.403228,,9.140944000000001
0,1,0,9,2016,154.32137499999996,66.937475,4.317749999999998,23.582417
1,0,0,9,2016,144.87783333333329,237.458035,4.908333333333336,13.885354999999999
0,0,0,10,2016,,4.345425,,7.305802000000001
0,0,1,10,2016,124.12915322580643,64.475978,3.971733870967741,205.65016599999998
0,0,1,10,2016,126.37201612903222,162.650609,5.90266129032258,153.104145
0,1,0,11,2016,50.99216666666666,221.563981,6.5670833333333265,9.459685
0,0,1,11,2016,73.30645833333331,235.478508,6.631416666666674,80.480923
1,0,0,12,2016,36.01633064516128,388.999503,5.341048387096773,6.281208
0,0,1,12,2016,68.1761693548387,203.223925,5.805161290322581,87.657446
0,0,1,1,2017,73.15407258064516,3.042584,6.8093145161290325,6.535086
0,0,0,2,2017,,7.200450999999999,,2.601717
1,0,0,2,2017,70.01294642857145,149.431019,8.018303571428572,4.967004
0,0,1,2,2017,103.90861607142858,272.70736400000004,7.195267857142858,103.799789
1,0,0,3,2017,119.44854838709679,693.189786,6.839435483870969,10.525768
0,1,0,3,2017,128.93786290322583,171.500322,8.100201612903223,15.513595
0,0,1,3,2017,143.05814516129038,118.50513600000001,5.233790322580645,179.7736
0,0,1,3,2017,179.18012096774189,8.435487,5.627419354838711,117.88373
1,0,0,4,2017,,286.00796,,58.807665
0,0,1,4,2017,239.25212499999995,112.69256000000001,4.610500000000001,295.472147
0,0,1,4,2017,244.96108333333316,261.231087,7.264958333333332,236.645246
0,0,1,4,2017,229.57604166666667,91.423474,4.102708333333334,100.805464
0,1,0,5,2017,240.80399193548402,101.046582,6.313991935483871,60.348804
0,0,1,5,2017,251.71786290322584,98.993337,4.663346774193548,296.290163
0,0,1,5,2017,287.0059677419352,1.995738,4.169153225806451,19.014822
1,0,0,6,2017,266.899625,74.69756,6.001333333333335,18.747543
0,1,0,6,2017,278.1639166666666,80.522465,6.049208333333326,65.79679
0,0,1,6,2017,276.46533333333343,56.895511,3.1525000000000007,112.51737299999999
0,0,1,6,2017,305.2720833333332,5.624480999999999,4.793333333333335,174.600805
0,1,0,8,2017,203.38112903225817,87.33019399999999,5.972217741935482,24.438694
1,0,0,9,2017,,383.92566400000004,,45.987189
0,0,1,9,2017,156.74520833333332,72.902423,4.466916666666665,220.51060299999997
0,0,1,9,2017,169.97429166666657,219.00127799999999,6.0002916666666675,182.795169
0,0,1,9,2017,202.33854166666669,0.383062,4.358458333333334,17.648870000000002
0,0,0,10,2017,,8.528742999999999,,5.151503
0,1,0,10,2017,103.08233870967743,90.71100600000001,4.519193548387096,17.784091
1,0,0,10,2017,89.57266129032259,124.02623200000001,6.689516129032258,8.578184
1,0,0,10,2017,83.93342741935483,595.715908,6.323548387096772,8.476075
0,1,0,10,2017,101.32181451612908,91.006271,6.043911290322581,32.640963
0,1,0,10,2017,93.21322580645158,115.18803500000001,6.649314516129032,12.844928
0,0,1,10,2017,123.18455645161285,86.420262,3.2514112903225785,71.88459300000001
0,1,0,11,2017,54.72087500000001,125.468147,5.681583333333336,8.281668
0,0,1,11,2017,76.57516666666669,107.19898799999999,4.765874999999997,134.500259
1,0,0,12,2017,27.524475806451626,844.1529619999999,7.92459677419355,2.5438
0,1,0,12,2017,33.79040322580644,216.97689300000002,9.037782258064512,5.279824
0,0,0,1,2018,,18.716385,,0.932668
0,1,0,2,2018,89.07415178571434,203.41231200000001,6.827410714285714,13.419007
1,0,0,2,2018,87.83517857142859,753.686479,7.323214285714284,8.529525
1,0,0,2,2018,,613.391926,,57.85683100000001
0,0,1,2,2018,102.81223214285713,293.38522,6.200803571428572,110.77721899999999
1,0,0,3,2018,,674.831414,,72.822182
0,1,0,3,2018,116.84891129032259,212.583964,8.594717741935487,14.819587
0,0,1,3,2018,130.19858870967744,122.12856699999999,4.1503629032258065,72.153349
1,0,0,4,2018,,514.465917,,100.534849
0,0,1,4,2018,211.5992083333332,102.613497,3.8408333333333338,101.879603
0,1,0,5,2018,244.77758064516118,104.559225,4.91181451612903,39.134944
0,1,0,5,2018,248.88229838709682,97.439704,5.86915322580645,30.596171999999996
0,0,1,5,2018,239.297379032258,0.48391000000000006,3.820967741935485,16.949973999999997
0,1,0,6,2018,257.4394583333335,78.26102900000001,5.532208333333331,67.64641
0,0,1,6,2018,257.39812499999994,109.012616,4.404666666666665,366.975139
0,0,1,6,2018,270.71970833333324,189.974672,5.014708333333334,272.88327999999996
0,0,1,6,2018,288.69258333333335,0.46353,3.5802499999999986,20.653923000000002
0,1,0,7,2018,273.04862903225813,47.499869,3.6147580645161312,41.924828999999995
0,1,0,7,2018,266.3885887096774,61.95523299999999,5.038629032258067,74.233982
0,1,0,7,2018,270.90717741935504,79.142494,5.1324193548387145,30.980392
0,0,1,7,2018,304.3565322580645,4.9741550000000005,4.593790322580646,216.91721600000002
1,0,0,8,2018,225.70548611111104,68.92931999999999,5.335798611111111,18.229187
0,1,0,8,2018,227.05923611111112,62.580558999999994,5.535520833333334,25.29222
0,0,1,8,2018,253.1848263888889,207.660732,4.9581944444444455,277.299754
0,0,1,8,2018,259.1909375,5.610687,4.285034722222221,195.089058
0,0,1,9,2018,201.7247083333331,101.178023,4.235708333333332,340.135799
1,0,0,10,2018,101.2745381526104,123.33693999999998,6.685421686746991,13.090736999999999
0,0,1,10,2018,120.87931726907624,112.488257,3.978112449799196,85.12025600000001
0,0,1,10,2018,125.39349397590357,11.013273,6.288112449799199,112.28464199999999
0,0,0,11,2018,,10.751201,,4.770701
1,0,0,11,2018,58.03595833333337,165.797121,7.740291666666668,7.853788000000001
0,0,0,12,2018,,15.24884,,0.897192
1,0,0,12,2018,28.97463709677421,983.350827,8.36931451612903,1.676
0,1,0,12,2018,34.073185483870986,213.14769500000003,9.544435483870972,2.5094849999999997
0,0,1,12,2018,46.89923387096772,220.31712400000004,6.647983870967745,66.532342
0,1,0,1,2019,46.77302419354842,132.838304,7.40133064516129,7.554247
0,0,1,1,2019,58.58826612903228,114.41512900000001,4.6909274193548365,38.791854
0,1,0,2,2019,101.04138392857143,129.58620200000001,5.268749999999996,23.078548
1,0,0,2,2019,,573.878915,,64.940166
1,0,0,3,2019,129.6470967741935,236.26447799999997,9.334274193548387,13.670316
0,1,0,4,2019,190.85145833333343,169.911885,5.659416666666671,35.238296000000005
0,0,1,4,2019,196.7705,103.55974499999999,3.9995,114.282908
0,0,1,4,2019,215.609,9.932295,6.205166666666662,171.862762
0,1,0,5,2019,219.73088709677427,122.12908600000002,5.263991935483869,42.385101
0,1,0,5,2019,238.21245967741925,129.910585,6.362056451612904,73.29085
0,0,0,6,2019,,8.990408,,12.676048
1,0,0,6,2019,253.78712499999986,512.470702,5.9477916666666655,21.530085
0,0,1,6,2019,268.6529166666666,108.157182,4.968208333333335,399.471101
0,0,1,6,2019,291.5380833333333,219.83161299999998,4.931625,303.915959
1,0,0,7,2019,280.5629435483871,82.691999,5.458508064516125,24.874222
1,0,0,8,2019,210.27620967741936,453.061113,5.878709677419356,20.273028
0,1,0,8,2019,215.16568548387102,109.737528,6.328387096774197,29.813261999999998
0,0,1,8,2019,233.099637096774,87.713706,4.35774193548387,404.855953
0,0,1,8,2019,241.97205645161296,58.27844399999999,3.2745161290322558,151.787644
0,0,0,9,2019,,19.652009,,11.499915
0,1,0,9,2019,174.00987500000008,135.094556,4.897166666666664,38.834371999999995
0,0,1,9,2019,194.90670833333328,249.202041,5.545791666666667,254.11801699999998
0,1,0,10,2019,89.37379032258067,266.877235,6.757943548387092,19.456974
0,1,0,10,2019,91.87826612903227,184.648083,5.498104838709677,21.212077999999998
0,0,1,10,2019,120.92294354838707,324.646759,5.6743951612903265,167.069889
0,1,0,12,2019,40.98443548387098,261.315629,6.62225806451613,12.768578
1,0,0,12,2019,32.42290322580647,1309.812091,8.704153225806452,5.8630949999999995
0,0,1,12,2019,51.55657258064517,137.441565,4.51407258064516,46.830811
0,0,1,12,2019,73.0785080645161,1.080009,6.6349193548387095,9.717492
0,0,0,3,2020,,29.586655,,9.048646000000002
0,0,0,11,2020,,19.670377,,6.34295
0,1,0,2,2020,72.90224137931034,339.83173,11.157456896551723,13.15371
0,1,0,8,2020,213.54532258064518,118.037945,5.983467741935479,30.832390999999998
0,1,0,11,2020,57.83591666666666,192.163386,8.238333333333333,12.627647
0,1,0,6,2020,248.10104166666665,131.80813700000002,5.966666666666662,74.76317399999999
0,1,0,10,2020,92.83701612903215,239.73630699999998,7.948911290322579,37.988703
0,0,1,3,2020,169.80754032258062,9.189496,6.310967741935484,165.4529
0,0,1,1,2020,85.0181048387097,0.734355,4.216451612903226,11.677539999999999
0,0,1,2,2020,138.76806034482755,1.573439,5.59987068965517,16.521819
0,0,1,5,2020,279.14076612903204,0.9941180000000001,4.8398387096774185,23.142611
0,0,1,8,2020,271.8284677419355,0.8308180000000001,3.963870967741936,32.275496000000004
1,0,0,4,2020,210.02495833333322,611.080342,5.622333333333333,19.5731
0,1,0,4,2020,214.95824999999996,176.649788,4.9289166666666695,45.627306
0,1,0,5,2020,255.66221774193556,213.92377799999997,5.728830645161294,54.538295999999995
0,1,0,6,2020,245.34358333333336,157.16288899999998,5.2126666666666654,46.273439
0,1,0,9,2020,167.37354166666668,172.70308400000002,4.9390833333333335,42.377413
1,0,0,4,2020,209.82762499999995,101.358067,5.8935833333333365,22.222567
1,0,0,8,2020,211.9679032258065,111.31843500000001,5.710725806451608,23.767661
0,0,1,8,2020,232.9075,108.739616,4.166129032258064,415.07996099999997
0,0,1,9,2020,182.58308333333324,117.83294699999999,4.832833333333335,347.675045
0,0,1,11,2020,78.84041666666664,200.932064,5.100791666666669,196.353437
0,0,1,12,2020,43.86689516129034,319.34255299999995,7.2677419354838735,92.191323
0,0,1,2,2020,99.76655172413795,145.727063,4.5004741379310325,73.763228
0,0,1,8,2020,242.9248387096774,64.822965,3.3115725806451595,158.91593999999998
0,0,1,10,2020,94.4112096774193,120.56028500000001,4.071814516129033,74.47788299999999
0,0,1,11,2020,80.08004166666669,96.130517,3.1728333333333323,68.091234
0,0,1,1,2020,70.88572580645163,345.347404,5.420201612903229,98.285521
0,0,1,10,2020,105.96379032258058,373.62731,6.741532258064518,164.31378600000002
1,0,0,9,2020,,437.299662,,63.346562
0,1,0,2,2020,80.18181034482757,294.481382,7.3211637931034454,19.83403
0,1,0,4,2020,228.08270833333327,116.52446100000002,4.393333333333337,43.328888
0,0,0,1,2014,,5.468483999999999,,1.564473
1,0,0,1,2014,,535.484144,,13.093452000000001
0,1,0,2,2014,,51.005514,,8.132176
1,0,0,2,2014,,166.27303999999998,,5.522769
0,1,0,3,2014,,25.048632,,19.011925
1,0,0,3,2014,,74.89827199999999,,10.17223
0,1,0,3,2014,,81.315766,,33.101791999999996
0,0,1,3,2014,,70.370852,,59.531769999999995
0,0,1,3,2014,,3.274851,,9.752517999999998
0,0,0,4,2014,,2.027755,,6.922223
1,0,0,4,2014,,53.503624,,11.269917999999999
0,0,1,5,2014,,11.740191000000001,,118.83515600000001
0,1,0,6,2014,,102.42917,,25.705807
1,0,0,6,2014,,147.49308100000002,,16.617079999999998
0,1,0,6,2014,,61.938495999999994,,49.312034000000004
0,0,1,6,2014,,52.393659,,144.889385
0,0,1,6,2014,,5.51231,,116.81586200000001
0,0,1,6,2014,,2.0248150000000003,,13.779009
0,0,0,7,2014,,1.9903259999999998,,7.898689
0,1,0,7,2014,,84.160698,,23.106066000000002
1,0,0,7,2014,,47.240834,,14.750032999999998
1,0,0,7,2014,,203.28713100000002,,54.499821999999995
0,1,0,7,2014,,65.71479000000001,,23.260039000000003
0,0,1,7,2014,,203.365498,,149.353281
0,0,0,8,2014,,2.100076,,7.529536
1,0,0,8,2014,,65.177013,,12.933515
0,0,1,8,2014,,38.554246,,76.32003
0,0,1,8,2014,,5.739234,,128.429015
0,1,0,9,2014,,19.91691,,21.96499
0,1,0,9,2014,,48.237640999999996,,19.760008
0,0,1,9,2014,,7.8258399999999995,,98.008896
0,0,1,10,2014,,52.679725,,51.087375
0,0,1,10,2014,,1.48515,,10.95785
0,1,0,11,2014,,136.126685,,7.559518
0,1,0,11,2014,,36.374662,,7.6915309999999995
1,0,0,11,2014,,96.675519,,4.010301
1,0,0,11,2014,,306.466174,,4.220122
0,1,0,11,2014,,125.144273,,6.308616000000001
0,1,0,12,2014,,105.14846200000001,,9.712829
0,1,0,12,2014,,150.97757099999998,,4.439931
0,0,1,12,2014,,1.819074,,6.7281770000000005
0,1,0,1,2015,,224.189591,,6.034027
1,0,0,1,2015,,534.6617980000001,,3.0339869999999998
0,0,1,1,2015,,3.452315,,8.077107
0,0,1,2,2015,,2.581572,,7.693712
0,1,0,3,2015,,180.39988300000002,,16.568649
1,0,0,3,2015,,468.725493,,44.770637
0,0,1,3,2015,,2.3762380000000003,,10.651492999999999
1,0,0,4,2015,,317.327022,,15.73996
0,0,1,4,2015,,8.686235,,120.825249
0,0,1,5,2015,,86.264374,,91.690844
0,1,0,6,2015,,71.98254399999999,,58.620566000000004
0,0,1,6,2015,,46.122582,,235.51568199999997
0,0,1,6,2015,,44.315513,,101.200025
0,1,0,7,2015,,73.65866,,53.609768
0,0,1,7,2015,,53.833116000000004,,227.592937
0,0,0,8,2015,,3.3273610000000002,,8.731258
0,1,0,8,2015,,83.22763499999999,,20.073622
0,0,1,8,2015,,1.07694,,18.511256
0,1,0,9,2015,,164.901066,,23.623034
1,0,0,9,2015,,80.640807,,12.601046
1,0,0,9,2015,,491.87082599999997,,45.886751000000004
0,0,1,9,2015,,10.08479,,113.721635
0,1,0,10,2015,,88.187189,,29.510228
0,0,1,10,2015,,74.953825,,141.372921
1,0,0,11,2015,,661.129726,,3.755731
1,0,0,11,2015,,651.451588,,16.349189000000003
0,0,1,11,2015,,1.9643099999999998,,7.798814
0,1,0,12,2015,,195.411056,,8.747504
1,0,0,12,2015,,202.727608,,3.3977459999999997
0,1,0,12,2015,,150.038094,,13.375228
0,1,0,1,2016,44.291700404858304,104.167958,5.730607287449392,6.30464
0,1,0,1,2016,45.072064777327874,173.68766399999998,9.007368421052632,13.069424
0,0,1,1,2016,76.96182186234822,4.149853,5.793238866396762,8.179735
1,0,0,2,2016,73.145948275862,159.978815,9.29827586206897,6.034908000000001
0,1,0,3,2016,125.79432330827065,228.334703,7.030714285714287,19.840553
0,1,0,3,2016,136.52954887218036,190.003759,8.543834586466165,16.420825
0,0,1,3,2016,181.27161654135352,1.8721029999999999,5.9878571428571465,12.299278
0,0,1,4,2016,237.38662500000027,12.518407,6.171999999999995,126.435897
0,1,0,5,2016,223.46616935483863,83.202676,6.191370967741943,49.077164
0,0,1,5,2016,225.81737903225812,67.840813,5.257943548387095,251.000407
0,0,1,5,2016,227.34770161290314,96.876824,3.6102016129032255,90.50352099999999
0,0,1,5,2016,278.2189516129033,13.211478,6.716250000000002,150.285053
1,0,0,6,2016,202.69808333333347,253.33196600000002,5.070458333333333,14.453517000000002
1,0,0,7,2016,248.26854838709653,54.255251,5.175645161290318,16.803848000000002
0,0,1,7,2016,280.62342741935475,186.308481,6.397298387096777,230.99930299999997
0,1,0,8,2016,222.14008064516133,88.880912,5.981693548387095,24.993717
0,0,1,8,2016,269.15157258064494,2.3228400000000002,3.733790322580646,16.909553
1,0,0,9,2016,,196.245876,,51.261252
0,0,1,9,2016,179.62070833333328,34.162496000000004,4.009624999999998,225.942912
0,0,1,9,2016,192.08475000000004,174.32573200000002,6.283041666666665,186.153578
0,0,1,9,2016,196.79129166666664,5.459418,3.642666666666666,129.62164099999998
1,0,0,10,2016,95.24330645161292,288.280353,5.144556451612901,14.240269
1,0,0,10,2016,,357.426723,,39.35114
0,0,1,10,2016,127.47681451612898,9.4367,4.783669354838707,102.87256500000001
0,0,1,10,2016,133.99959677419358,2.641838,4.358870967741937,11.126503999999999
1,0,0,11,2016,,573.044657,,16.528932
0,1,0,12,2016,45.95955645161289,96.68041,5.87850806451613,15.573879999999999
0,0,1,12,2016,59.38383064516128,77.654679,3.7722983870967735,103.853085
1,0,0,1,2017,,490.47582400000005,,16.143971
0,1,0,1,2017,55.49108870967739,112.13242,7.09068548387097,18.35983
0,0,1,1,2017,73.94411290322581,305.37799,8.191814516129032,87.501482
0,0,1,1,2017,77.08318548387098,15.453356,6.7948387096774185,64.19772900000001
0,0,1,2,2017,93.81973214285708,136.27805700000002,5.476651785714288,118.99531999999999
0,1,0,3,2017,133.06334677419352,118.38206799999999,5.275483870967738,17.892703
1,0,0,3,2017,118.7266129032258,150.970989,7.332379032258063,9.06728
0,0,1,3,2017,192.82483870967738,3.0184029999999997,5.052137096774198,15.16575
1,0,0,4,2017,215.08700000000002,54.71124399999999,5.44079166666667,15.871035000000001
0,0,1,4,2017,250.2016666666668,13.613320000000002,4.82533333333333,151.79761200000002
1,0,0,5,2017,,301.371512,,67.330326
0,1,0,5,2017,236.98395161290318,108.877422,6.4391532258064474,26.234011
0,0,1,5,2017,249.3281048387097,74.622862,3.1824193548387094,105.86375
0,1,0,6,2017,273.6719166666666,70.683326,4.416750000000004,32.734
1,0,0,6,2017,,342.853772,,73.05958299999999
0,1,0,6,2017,258.12925,86.152876,6.412916666666665,28.705462
0,0,1,6,2017,267.704375,78.542817,4.615166666666666,295.348917
0,1,0,7,2017,227.66536290322586,72.603387,4.2488306451612905,28.824049
1,0,0,7,2017,,370.59018599999996,,63.89815
0,1,0,7,2017,229.1781048387097,107.74606499999999,6.756451612903229,25.386759
0,1,0,8,2017,203.38302419354838,99.879346,4.595040322580641,31.230163
0,1,0,8,2017,210.72552419354832,51.723121,3.91467741935484,27.986855
0,0,1,8,2017,276.4734677419355,1.006694,3.444596774193548,22.412846
1,0,0,9,2017,133.62462500000004,94.433916,6.39941666666667,11.280773
0,1,0,9,2017,144.083,93.340979,6.193500000000001,43.212498
0,0,1,9,2017,160.1547083333334,54.958068000000004,2.864833333333336,78.66209
0,0,1,10,2017,131.18951612903226,273.322781,6.510322580645157,162.580543
0,0,1,10,2017,150.38403225806445,9.388579,4.545483870967742,132.24856499999999
0,0,0,11,2017,,10.75893,,2.648041
0,1,0,12,2017,34.646774193548396,269.62556,7.571693548387097,5.785615
1,0,0,12,2017,30.052661290322572,197.053665,8.847338709677413,2.846294
0,1,0,12,2017,37.317338709677415,188.706995,8.343467741935482,12.958347
0,0,1,12,2017,55.67298387096777,354.989425,7.540846774193544,69.872736
0,0,1,12,2017,44.78237903225807,128.951731,3.7948790322580646,21.13029
0,1,0,1,2018,33.535182186234834,306.95739199999997,7.821781376518216,5.366674
0,0,1,1,2018,51.866396761133615,139.778641,4.110931174089068,21.961504
0,1,0,2,2018,89.77142857142859,113.82983200000001,5.5772767857142815,11.542767999999999
0,0,1,2,2018,105.43218749999998,12.334559,6.30433035714285,89.058954
1,0,0,3,2018,97.46717741935484,762.71588,7.276209677419355,7.907273
0,0,1,3,2018,144.86032258064517,346.05917400000004,6.911653225806455,172.399426
0,0,1,3,2018,157.5297177419354,12.406021,7.6281048387096755,127.49425500000001
0,0,1,4,2018,207.7478333333334,264.379844,5.943708333333332,214.42696800000002
0,1,0,5,2018,228.35366935483867,68.518668,4.011330645161288,32.772651
0,1,0,5,2018,249.2279838709676,86.768714,5.477620967741936,71.688427
0,0,1,5,2018,229.48891129032245,86.42137199999999,4.5234677419354865,331.96745899999996
0,0,0,6,2018,,5.720216000000001,,10.891246
1,0,0,6,2018,,256.349042,,111.334777
1,0,0,7,2018,270.71008064516127,265.964635,4.73213709677419,20.264905
0,0,1,8,2018,253.21416666666667,85.18180799999999,4.258715277777773,394.598047
1,0,0,9,2018,162.17837499999996,417.478424,5.775499999999999,15.251826999999999
0,0,1,9,2018,198.5127083333333,57.274809,3.3664583333333336,120.79126399999998
0,0,1,9,2018,205.57587500000002,0.628598,3.6424583333333342,19.178957999999998
0,0,0,10,2018,,10.290827,,8.134093
0,1,0,10,2018,111.26859437751006,181.11850900000002,5.9079919678714905,25.211399
0,1,0,10,2018,110.80208835341358,115.00267,4.787590361445779,24.359894
1,0,0,10,2018,98.4905220883534,600.3019559999999,6.334658634538151,12.63315
1,0,0,10,2018,,537.28023,,87.178062
0,1,0,11,2018,60.60291666666669,189.705599,6.27220833333333,12.993101
1,0,0,11,2018,53.12216666666671,761.2524980000001,7.127874999999994,7.408405
0,0,1,11,2018,73.38916666666668,294.369128,5.798208333333335,98.766758
0,0,1,11,2018,67.3267916666667,98.077311,3.39175,46.883852000000005
0,1,0,12,2018,36.85540322580647,217.95797400000004,8.268588709677424,7.712289999999999
0,1,0,1,2019,44.908991935483854,226.976113,6.126653225806455,9.199508999999999
0,1,0,1,2019,44.17685483870966,123.414207,5.397782258064513,9.242077
0,1,0,1,2019,52.34290322580645,146.77215800000002,6.462298387096777,18.857592
0,1,0,2,2019,96.03660714285715,184.965858,6.328392857142856,21.761039
1,0,0,2,2019,91.61968750000004,151.720296,7.782767857142856,10.435082000000001
1,0,0,2,2019,86.52428571428568,735.3703820000001,7.202946428571429,9.822364
0,0,1,2,2019,116.31415178571426,89.56149599999999,3.741160714285715,78.453142
0,0,1,2,2019,135.08714285714277,0.8211700000000001,4.59044642857143,15.637564999999999
1,0,0,3,2019,,1090.308411,,85.832104
0,0,1,3,2019,158.22874999999996,251.08008900000002,6.949838709677421,310.757136
0,0,1,3,2019,197.20225806451612,10.35909,6.747741935483867,189.77581999999998
0,0,0,4,2019,,9.741244,,9.426352
0,1,0,4,2019,186.18670833333348,115.465607,4.780541666666668,34.648639
0,1,0,4,2019,188.584625,138.517479,6.21766666666667,59.313778000000006
0,1,0,5,2019,224.8021774193549,162.18946200000002,5.9506854838709655,39.887994
0,1,0,6,2019,276.6747916666667,99.129801,4.3775,44.702534
1,0,0,6,2019,252.82575,95.988318,6.074333333333334,22.158061
0,1,0,6,2019,261.46195833333326,106.651449,5.71020833333333,77.77905600000001
0,1,0,7,2019,278.3279435483871,93.44678,4.2279838709677415,49.980787
1,0,0,7,2019,,355.14853999999997,,121.10385500000001
0,0,1,7,2019,306.3862500000002,4.967942,4.582217741935488,227.311657
1,0,0,9,2019,148.05416666666662,706.328929,6.597999999999999,16.349941
1,0,0,9,2019,,581.5542849999999,,101.77296
0,0,1,9,2019,184.69733333333323,138.204349,5.299291666666668,334.93447599999996
0,0,0,10,2019,,23.063108,,7.373791000000001
1,0,0,10,2019,80.54499999999997,920.2005730000001,7.493991935483869,10.479830999999999
0,0,1,11,2019,56.02787499999998,199.81952900000002,7.188458333333334,106.150944
0,0,1,11,2019,75.2257916666667,7.15866,6.638999999999999,73.535779
0,0,1,12,2019,51.87060483870968,261.399766,7.541169354838706,101.194236
0,0,1,12,2019,68.10661290322578,9.233348,7.11310483870968,78.779166
0,0,0,5,2020,,17.403797,,16.464167
0,1,0,1,2020,45.8204435483871,252.917734,9.188750000000008,6.823425
0,1,0,3,2020,141.98701612903218,265.899566,7.818225806451613,53.604445999999996
0,1,0,5,2020,266.85370967741943,177.023452,6.3592338709677465,90.008578
0,1,0,7,2020,279.6284677419356,117.63218799999999,5.8783467741935524,91.16964499999999
0,0,1,7,2020,309.1421370967743,7.071758999999999,4.822459677419351,253.259471
0,0,1,8,2020,271.4908467741934,6.0170449999999995,4.9596774193548425,236.03508599999998
0,0,1,10,2020,125.45326612903222,10.395619,6.521975806451611,143.335194
0,0,1,12,2020,60.549717741935474,11.248986,6.2853629032258045,63.893889
0,0,1,9,2020,195.98066666666668,0.7089489999999999,3.7326666666666655,20.483625
0,1,0,2,2020,79.45219827586206,476.853708,8.793405172413799,20.325637
0,1,0,10,2020,83.76883064516132,328.890192,7.3366935483871005,21.954347
0,1,0,11,2020,65.37979166666666,216.31564100000003,5.7687916666666625,21.527110999999998
0,1,0,12,2020,34.28629032258067,356.348075,7.488548387096772,9.6799
0,0,1,2,2020,99.73422413793095,309.931066,6.567672413793104,193.871553
0,0,1,3,2020,143.56907258064533,238.806636,5.8339919354838665,271.769131
0,0,1,6,2020,251.81145833333335,128.999694,4.580916666666668,414.141631
0,0,1,1,2020,68.23104838709676,121.308599,3.8587903225806457,41.932953999999995
0,0,1,3,2020,152.16854838709673,365.845558,6.3133467741935485,220.972273
0,0,1,4,2020,203.54666666666668,239.274204,5.3347916666666695,257.263164
0,0,1,8,2020,249.75008064516132,244.67537000000002,5.264677419354841,321.493061
1,0,0,5,2020,,531.227199,,87.651798
1,0,0,6,2020,,426.028248,,77.84724
1,0,0,7,2020,,421.013413,,88.793037
0,1,0,5,2020,250.17177419354852,140.966406,4.869798387096774,47.802577
0,1,0,10,2020,81.82205645161291,218.95043399999997,6.161774193548388,19.549545000000002
0,1,0,11,2020,68.92433333333337,149.120706,4.623374999999997,20.244923
0,1,0,12,2020,33.36475806451613,221.03873199999998,5.633709677419356,9.365328
0,0,1,1,2014,,98.886487,,30.888721000000004
0,0,1,1,2014,,75.01254200000001,,18.500091
0,1,0,2,2014,,272.083615,,9.694815
0,1,0,2,2014,,218.675594,,8.24817
0,0,1,2,2014,,198.132047,,61.987479
1,0,0,3,2014,,259.03039,,11.888558999999999
1,0,0,3,2014,,267.089705,,47.284566999999996
0,0,1,3,2014,,57.46486899999999,,93.224384
0,1,0,4,2014,,90.848444,,20.468846
0,1,0,4,2014,,19.241433999999998,,20.577756
0,1,0,4,2014,,78.075726,,36.948828999999996
0,1,0,4,2014,,103.03959300000001,,17.762345
0,0,1,4,2014,,57.75044499999999,,65.10418299999999
0,1,0,5,2014,,148.466344,,22.891108
1,0,0,5,2014,,289.09930099999997,,14.843664000000002
0,1,0,5,2014,,103.995814,,21.380751
0,0,1,5,2014,,3.546046,,13.101403
0,1,0,6,2014,,25.792798,,27.065711999999998
0,1,0,7,2014,,20.975042000000002,,20.284772
0,0,1,7,2014,,38.84,,132.505775
0,1,0,9,2014,,73.098295,,22.310862
0,0,1,9,2014,,48.569949,,68.369298
0,1,0,10,2014,,111.845331,,14.058448
0,1,0,10,2014,,27.768461,,13.940825
0,0,1,10,2014,,61.544720999999996,,112.412405
0,0,1,10,2014,,8.039207000000001,,79.53501800000001
0,0,1,11,2014,,89.600959,,57.43668
0,0,1,11,2014,,67.668836,,25.238184
1,0,0,12,2014,,515.765969,,2.103163
0,0,1,12,2014,,270.941084,,46.142228
0,0,0,1,2015,,4.955532,,1.538583
0,1,0,1,2015,,183.815529,,5.778626
0,0,1,1,2015,,97.89344,,54.883396999999995
0,1,0,2,2015,,61.487549,,10.106593
0,1,0,2,2015,,131.711468,,21.293920999999997
0,0,1,2,2015,,98.991539,,87.469848
1,0,0,3,2015,,115.88805900000001,,9.236189999999999
1,0,0,3,2015,,465.52751399999994,,10.090471
0,0,0,4,2015,,2.959761,,8.214703
0,1,0,4,2015,,150.43821499999999,,25.493996
1,0,0,4,2015,,346.223908,,57.711456000000005
0,0,1,4,2015,,66.232188,,81.747491
1,0,0,5,2015,,350.819572,,15.635426999999998
1,0,0,5,2015,,346.789644,,58.702913
0,0,1,5,2015,,67.78706700000001,,194.102118
0,0,1,5,2015,,1.408795,,15.322196
0,1,0,6,2015,,34.702731,,28.654517
0,1,0,6,2015,,97.21187900000001,,27.226082
0,1,0,7,2015,,120.23546,,30.405821000000003
0,1,0,7,2015,,89.599663,,22.94697
0,0,1,7,2015,,6.950381,,149.471119
0,1,0,8,2015,,101.104905,,27.348608000000002
1,0,0,8,2015,,54.767716,,13.87972
1,0,0,8,2015,,293.33955299999997,,60.816506000000004
0,0,1,9,2015,,77.516437,,177.688528
0,0,0,10,2015,,3.765193,,4.23726
1,0,0,10,2015,,300.307,,27.091590999999998
0,1,0,10,2015,,110.750226,,12.090076
0,0,1,10,2015,,8.775841,,82.287084
0,0,1,11,2015,,88.493025,,96.77455400000001
0,1,0,12,2015,,87.44938,,8.730708
1,0,0,12,2015,,590.723369,,16.16459
0,1,0,12,2015,,250.18892000000002,,5.182112999999999
0,0,1,12,2015,,1.53729,,7.965294
1,0,0,1,2016,39.35170040485833,186.697038,9.475425101214572,3.4196489999999997
1,0,0,1,2016,,729.902964,,15.130482
0,0,1,1,2016,52.32834008097168,128.291777,6.082631578947369,75.08463499999999
0,0,1,1,2016,61.39161943319835,187.14965,5.403724696356275,58.802617000000005
0,1,0,2,2016,75.90422413793101,275.350604,8.091810344827588,11.707917
0,1,0,2,2016,66.48594827586207,111.04672,6.5272413793103485,7.65619
1,0,0,3,2016,128.51515037593978,125.35144299999999,7.560563909774432,9.896874
0,0,1,3,2016,139.0838113207547,123.26531499999999,5.62867924528302,193.0168
0,0,0,4,2016,,4.793005,,7.529856
1,0,0,4,2016,197.2394583333332,89.323408,6.259999999999995,13.005896
0,1,0,4,2016,201.1447916666668,117.263369,7.018499999999995,20.004214
0,0,1,4,2016,205.90649999999994,251.865179,7.592666666666665,173.256507
0,1,0,5,2016,199.96766129032247,123.472528,5.669677419354835,26.388168
0,0,1,5,2016,277.77620967741944,3.4777419999999997,5.570241935483868,17.488332
0,0,0,6,2016,,2.831305,,7.252503999999999
1,0,0,6,2016,215.29566666666668,56.701129,5.410208333333336,12.585467999999999
0,0,1,6,2016,235.69783333333345,45.723221,2.945041666666665,94.172003
0,0,1,6,2016,289.631375,6.84727,4.939749999999999,154.101043
0,1,0,7,2016,249.61875000000003,86.923292,4.502217741935485,33.205444
1,0,0,7,2016,,187.93171,,65.959014
0,1,0,7,2016,258.65443548387105,57.095422,5.378427419354839,57.164539000000005
0,0,1,7,2016,301.5620564516128,1.8274130000000002,3.5470161290322566,20.445733999999998
0,1,0,8,2016,231.725,96.03468199999999,4.538467741935478,33.178528
1,0,0,8,2016,207.07963709677418,315.998217,5.185241935483872,17.639021
0,0,1,8,2016,259.8754032258064,187.981662,5.9018548387096805,232.52113799999998
0,1,0,9,2016,163.59579166666657,36.60767,4.12925,22.409673
1,0,0,9,2016,145.2707916666666,60.875939,5.393666666666666,10.928775
0,0,1,9,2016,196.4247083333333,1.363669,3.677749999999997,14.831539999999999
0,1,0,10,2016,111.77830645161293,93.98597600000001,5.706895161290323,43.885278
0,1,0,10,2016,111.63338709677416,95.095347,5.91806451612903,21.544553
0,0,1,10,2016,114.7483467741935,64.507412,3.284233870967741,71.99549499999999
1,0,0,11,2016,45.90412500000001,533.677434,6.755208333333335,6.122325
0,0,1,11,2016,66.44229166666668,113.888476,5.050708333333335,109.98278799999999
0,0,1,11,2016,63.64841666666669,84.493802,3.4857916666666684,33.021683
0,0,0,12,2016,,2.891723,,2.083556
0,1,0,12,2016,41.008991935483884,106.152348,6.437661290322579,6.253133
0,0,0,1,2017,,5.146914,,2.019673
1,0,0,1,2017,41.70758064516128,421.572065,6.272499999999999,3.857183
0,0,1,1,2017,67.48233870967744,88.241436,4.056774193548386,30.965511
1,0,0,2,2017,,598.94503,,20.768038
0,1,0,2,2017,79.7119196428572,154.472813,8.144642857142856,20.935973999999998
0,0,1,2,2017,109.89674107142851,10.184633,6.462589285714286,69.92420200000001
0,0,0,3,2017,,9.908314,,5.424804
0,1,0,5,2017,239.2962903225806,74.820817,4.5487903225806505,29.972214
0,0,1,6,2017,281.804875,171.402573,5.774999999999998,243.41922999999997
0,0,0,7,2017,,6.627431,,9.482203
1,0,0,7,2017,220.9404435483871,85.399555,5.990000000000002,16.278610999999998
0,1,0,7,2017,228.15000000000015,100.29079499999999,6.4260887096774235,56.237541
0,0,1,7,2017,261.1273387096774,264.70901200000003,6.254072580645155,241.371194
0,0,0,8,2017,,5.415824,,8.763385000000001
1,0,0,8,2017,186.66741935483884,284.49552400000005,4.673508064516132,15.014832
0,1,0,8,2017,213.98653225806459,74.585572,5.542137096774197,56.89524
0,0,1,8,2017,237.72850806451626,200.23342,5.905201612903228,229.55705600000002
0,0,1,8,2017,231.2297983870966,55.204342000000004,3.2056451612903225,105.167313
0,1,0,9,2017,143.9942916666666,71.79808100000001,4.111250000000001,21.110642000000002
0,1,0,10,2017,98.74552419354832,139.72713000000002,5.231532258064514,20.676126999999997
1,0,0,10,2017,,482.44208499999996,,34.544866
0,0,1,10,2017,151.72532258064516,0.9149860000000001,3.882177419354841,15.7713
1,0,0,11,2017,45.453916666666686,521.647355,6.153875000000001,4.9987639999999995
1,0,0,11,2017,,538.258284,,14.256529
0,0,1,11,2017,68.998125,111.26371499999999,3.8885833333333335,37.98025
0,1,0,12,2017,33.711491935483885,160.158102,6.357620967741934,4.523167
0,0,1,12,2017,65.67004032258062,12.370602,6.6880241935483875,59.80025799999999
0,0,1,12,2017,65.5372983870968,2.2249939999999997,6.196774193548384,7.604239
0,1,0,1,2018,38.59514170040488,235.29782999999998,8.741619433198379,9.189969
0,0,1,1,2018,83.51817813765183,1.601345,6.001174089068828,8.870183
0,0,1,2,2018,94.1648660714285,176.520906,5.6550892857142845,147.110121
0,0,1,2,2018,94.87267857142857,87.326138,3.880044642857142,40.725882
0,0,1,2,2018,98.17602678571428,1.236073,5.123214285714283,8.511064
0,1,0,3,2018,110.94685483870968,245.140679,6.8828225806451595,20.645698
0,0,1,3,2018,156.40762096774182,2.7505330000000003,6.105161290322582,14.152265
0,0,0,4,2018,,8.524428,,8.44091
0,1,0,4,2018,183.14987499999995,103.228041,5.8609583333333335,51.634955
0,0,1,4,2018,194.63525,118.882636,5.204791666666665,278.955506
0,0,1,4,2018,233.659625,1.7798029999999998,4.5400833333333335,18.468093
1,0,0,5,2018,248.23076612903225,385.28495899999996,5.474999999999999,19.016624
1,0,0,5,2018,,352.36229,,112.172949
0,0,1,5,2018,239.64024193548389,5.662789,4.553266129032255,159.6571
0,1,0,6,2018,266.9209166666666,66.352509,4.142708333333333,39.174017
1,0,0,6,2018,261.8838333333332,353.118311,5.479499999999994,18.225065
0,0,1,6,2018,273.3619166666667,61.650552000000005,3.5105000000000004,134.589102
0,0,1,6,2018,280.15558333333354,7.290078,4.47879166666667,189.743702
0,0,0,7,2018,,4.722373999999999,,12.43721
0,1,0,7,2018,268.16266129032243,76.450243,4.338911290322582,41.364932
1,0,0,7,2018,,238.92241800000002,,119.37594399999999
0,0,1,7,2018,274.371935483871,67.602795,4.06967741935484,404.31332000000003
0,0,1,7,2018,286.20616935483866,156.150613,4.740927419354835,306.417549
0,1,0,8,2018,239.48993055555556,95.554356,4.719340277777778,39.212139
0,1,0,8,2018,246.17927083333333,61.76537,5.2618055555555525,68.29616800000001
1,0,0,9,2018,168.362125,91.314746,5.985999999999996,16.717485
0,1,0,9,2018,187.28900000000004,99.52457700000001,5.9255416666666685,58.869411
0,1,0,9,2018,171.90154166666667,119.341264,6.323791666666667,23.510098
0,0,1,10,2018,133.69983935742962,0.735368,4.826224899598395,12.507049
0,1,0,11,2018,59.86366666666665,194.022238,8.358458333333333,11.458689999999999
0,0,1,11,2018,71.3225833333333,167.502076,5.710083333333337,140.529726
0,0,1,11,2018,84.51137500000002,0.5919439999999999,4.586541666666666,8.831444
0,1,0,12,2018,35.06854838709678,183.620869,6.3179435483870945,5.376899
0,0,1,12,2018,71.67459677419356,1.252307,5.335645161290323,9.400210000000001
1,0,0,1,2019,42.74733870967742,145.05176,7.5345564516129,4.5971839999999995
1,0,0,1,2019,38.49907258064517,788.435912,7.125806451612908,4.227197
1,0,0,1,2019,,675.8194589999999,,28.439476000000003
0,0,1,1,2019,85.74512096774195,17.952859,7.4743548387096785,97.346514
0,0,1,1,2019,83.47100806451616,1.013034,4.755725806451613,11.557699000000001
0,0,0,2,2019,,9.257202000000001,,5.857725
0,1,0,2,2019,92.49571428571429,159.729022,8.220892857142848,14.821922
0,0,1,2,2019,113.13437499999996,172.712704,5.738705357142861,217.883042
0,0,1,2,2019,130.32437499999997,6.404939,5.029285714285713,129.286522
0,1,0,3,2019,134.53512096774188,236.502533,6.932822580645162,31.964472999999998
0,0,1,3,2019,195.0382258064516,1.6641860000000002,5.920564516129031,21.452898
1,0,0,4,2019,190.05175000000003,552.949065,6.2255416666666665,15.827198000000001
1,0,0,4,2019,,501.592503,,96.01513100000001
0,1,0,4,2019,183.321125,136.613094,7.096416666666662,24.141045000000002
0,1,0,1,2014,,214.29287200000002,,5.55269
1,0,0,5,2019,237.933064516129,92.565845,6.285645161290326,21.505809
0,1,0,1,2014,,38.414048,,5.513973
1,0,0,5,2019,,449.36644900000005,,110.573555
1,0,0,1,2014,,156.651038,,2.86885
0,0,1,5,2019,234.82504032258046,123.291552,5.752782258064514,380.62246600000003
1,0,0,1,2014,,525.159,,2.916058
0,0,1,5,2019,244.9408064516129,393.499231,6.176411290322575,288.66200000000003
0,1,0,1,2014,,144.194423,,9.607937
0,0,1,5,2019,265.6106854838709,11.983733,6.282580645161296,213.65152799999998
0,1,0,1,2014,,200.068952,,5.020116000000001
0,0,1,5,2019,262.75495967741944,1.364301,4.834032258064517,22.235065
0,0,1,1,2014,,189.59741499999998,,40.344570000000004
0,0,1,6,2019,289.54525,70.398922,3.513416666666666,149.880804
0,0,1,1,2014,,8.227131,,34.598372
0,1,0,7,2019,286.2741532258064,114.20124799999999,5.657580645161293,82.556401
1,0,0,2,2014,,609.541705,,18.384388
0,0,1,7,2019,278.2245564516129,93.705939,4.7182258064516125,438.278115
0,1,0,2,2014,,179.658104,,17.208138
0,0,1,7,2019,289.92455645161283,214.624857,4.636814516129029,322.059334
0,0,1,2,2014,,128.43198700000002,,48.047011
0,0,1,7,2019,289.0894758064516,58.769137,3.3834274193548377,165.35669099999998
0,0,1,2,2014,,8.280625,,44.076151
1,0,0,8,2019,212.22274193548387,93.31354,6.235645161290318,22.485823999999997
0,0,0,3,2014,,2.870907,,6.573900999999999
1,0,0,8,2019,,331.373685,,115.169549
0,0,1,3,2014,,8.544615,,91.671047
0,0,1,8,2019,247.89249999999993,163.480211,4.452379032258063,307.53941499999996
0,0,1,4,2014,,58.623321999999995,,107.20843300000001
0,1,0,10,2019,93.93592741935484,172.07906499999999,7.0841935483870975,36.538152000000004
0,1,0,5,2014,,33.094914,,23.327756
0,0,1,10,2019,139.86649193548382,0.14742,4.488104838709675,16.355475
1,0,0,5,2014,,83.136907,,13.105296000000001
0,0,0,11,2019,,22.877192,,4.602357
0,0,1,5,2014,,237.143463,,147.867277
0,1,0,11,2019,50.64708333333332,275.273211,6.997874999999998,12.425745
0,0,1,5,2014,,89.805539,,73.097286
0,1,0,11,2019,52.468125,187.969807,5.594208333333333,13.018505000000001
0,0,0,6,2014,,2.303841,,9.374559
1,0,0,11,2019,44.22554166666667,840.647341,7.2076249999999975,6.4777379999999996
1,0,0,6,2014,,248.260486,,69.338082
1,0,0,11,2019,,797.412699,,47.360483
0,0,1,6,2014,,140.316459,,164.21821599999998
0,0,1,11,2019,70.46266666666666,321.933805,6.2836666666666625,107.387079
0,0,1,6,2014,,55.140263,,86.182018
1,0,0,12,2019,37.087056451612895,262.39315600000003,9.636532258064513,6.7246
1,0,0,7,2014,,170.40565800000002,,14.257812
0,1,0,12,2019,40.19153225806452,274.13891,9.948911290322581,8.87151
0,0,1,7,2014,,53.814173,,68.338852
0,0,0,4,2020,,15.485014000000001,,13.396076
0,1,0,8,2014,,88.967215,,22.178946
0,0,0,7,2020,,13.846834,,18.271019
0,1,0,8,2014,,21.341835,,21.68122
0,0,0,9,2020,,15.557947,,14.833329999999998
1,0,0,8,2014,,241.62684,,13.127564999999999
0,0,0,12,2020,,32.27697,,3.7824
0,1,0,8,2014,,54.526649,,40.70191
0,1,0,3,2020,140.53887096774187,256.511932,8.896612903225803,20.751534
0,1,0,8,2014,,76.12955600000001,,19.508924
0,1,0,4,2020,209.8516249999999,127.590654,6.206249999999999,27.486788
0,0,1,8,2014,,116.57575,,150.574615
0,1,0,9,2020,157.8864583333333,102.450738,5.8592499999999985,24.645264
1,0,0,9,2014,,119.811849,,11.802342
0,1,0,10,2020,86.23318548387094,224.557402,9.278266129032254,15.578338
1,0,0,9,2014,,174.611749,,48.221273
0,1,0,12,2020,36.923387096774185,262.13277400000004,9.839717741935491,8.125003
0,0,1,9,2014,,49.393208,,142.345896
0,1,0,8,2020,223.04270161290341,107.843694,5.012016129032262,77.444751
1,0,0,10,2014,,95.361097,,7.3279119999999995
0,1,0,9,2020,169.94658333333334,113.73613200000001,5.477541666666667,63.739053000000006
0,1,0,10,2014,,117.318789,,11.855931
0,1,0,11,2020,63.97729166666669,191.808976,6.79883333333333,33.881006
0,1,0,11,2014,,101.14378,,14.604428
0,0,1,5,2020,270.19923387096776,7.974916,5.440241935483876,222.3919
0,0,1,11,2014,,186.95,,55.966111
0,0,1,9,2020,193.6024583333333,5.274607,4.739874999999998,180.935211
0,0,1,11,2014,,7.434432000000001,,40.075136
0,0,1,3,2020,170.75370967741938,0.9803440000000001,5.405766129032257,17.970342000000002
0,1,0,12,2014,,55.498481999999996,,3.444572
1,0,0,3,2020,129.46125,1335.686051,8.208145161290323,12.899972
0,1,0,1,2015,,75.609008,,4.92709
1,0,0,7,2020,248.55528225806458,658.015276,5.971854838709677,22.804171
0,0,1,1,2015,,70.684359,,24.867689000000002
1,0,0,12,2020,28.56270161290323,1231.875408,7.896088709677423,4.913556
0,1,0,2,2015,,197.658714,,10.228383000000001
0,1,0,3,2020,131.97830645161292,362.414289,6.9670564516129065,32.677158
1,0,0,2,2015,,450.500379,,20.852932
0,1,0,8,2020,220.22455645161304,157.553304,4.627258064516126,49.240136
0,0,1,2,2015,,11.784671000000001,,64.554006
1,0,0,2,2020,69.27909482758618,322.870346,11.31512931034482,9.002849000000001
0,1,0,4,2015,,50.245378,,24.107487
1,0,0,3,2020,133.7414919354838,233.03997900000002,8.669435483870965,15.610648000000001
0,0,1,4,2015,,176.31323600000002,,167.2407
1,0,0,10,2020,83.96310483870964,210.42704300000003,8.515887096774195,11.749903999999999
0,1,0,5,2015,,139.69923500000002,,27.846088
1,0,0,12,2020,33.23758064516131,228.911205,8.766612903225809,5.244386
1,0,0,5,2015,,85.240894,,14.176826
0,0,1,4,2020,202.99795833333332,143.59803300000002,4.693083333333336,329.589617
0,0,1,5,2015,,11.226828999999999,,139.749578
0,0,1,5,2020,256.8690322580645,203.429871,5.027217741935486,432.181486
1,0,0,6,2015,,73.081008,,17.89975
0,0,1,7,2020,285.0926209677421,109.451145,4.226330645161292,479.838964
0,0,1,6,2015,,0.76617,,16.624257999999998
0,0,1,5,2020,253.05241935483863,96.31607,3.5745564516129016,162.111832
0,1,0,7,2015,,42.881085999999996,,29.515313
0,0,1,9,2020,181.20137500000013,66.90568499999999,3.1664583333333334,131.250348
1,0,0,7,2015,,75.141221,,14.886045999999999
0,0,1,2,2020,115.92603448275864,378.04365,5.775215517241382,163.468641
1,0,0,7,2015,,347.574062,,15.874028
1,0,0,1,2020,,928.1959009999999,,17.593408
1,0,0,7,2015,,338.204085,,68.308892
1,0,0,8,2020,,416.391392,,78.443639
0,0,1,7,2015,,2.032825,,17.664911
1,0,0,10,2020,,1028.047768,,33.079484
0,1,0,8,2015,,38.104154,,26.133879
1,0,0,12,2020,,898.014652,,13.936314999999999
0,1,0,8,2015,,56.777944999999995,,47.691379
0,1,0,8,2020,224.69290322580642,88.370956,4.009435483870966,45.576782
0,0,1,8,2015,,46.936429,,206.138572
0,1,0,9,2020,172.29970833333314,108.594656,4.2375,39.334328
0,0,1,8,2015,,55.400296999999995,,91.714988
0,1,0,9,2015,,64.06087,,21.679767000000002
0,1,0,9,2015,,97.98011,,20.156558999999998
0,0,1,9,2015,,164.29155,,151.581797
0,0,1,9,2015,,3.4845599999999997,,12.934014999999999
0,0,1,10,2015,,171.826435,,113.453565
0,0,1,10,2015,,2.581582,,9.472382000000001
0,1,0,11,2015,,227.590166,,10.010521
0,1,0,11,2015,,124.91170600000001,,15.424907999999999
0,1,0,11,2015,,195.387954,,6.797521000000001
0,0,1,11,2015,,241.94072000000003,,88.733744
1,0,0,12,2015,,758.1026049999999,,3.327975
0,0,1,12,2015,,111.31773799999999,,94.907432
0,0,1,12,2015,,69.613506,,33.691453
0,0,1,12,2015,,3.5154199999999998,,41.055969
0,0,1,1,2016,54.62655870445344,85.026207,2.973481781376517,26.417773999999998
0,0,1,1,2016,72.2523076923077,5.997627,5.983927125506072,49.827121000000005
0,0,0,2,2016,,9.330731,,3.282121
0,0,1,2,2016,79.16133620689655,90.363148,3.8069396551724175,33.27653
0,0,1,2,2016,110.70771551724137,4.321958,6.277801724137932,8.225023
1,0,0,3,2016,120.33684210526316,554.542804,7.107969924812032,11.650505
0,0,1,3,2016,151.6080827067669,234.34040699999997,7.562894736842103,142.678029
1,0,0,4,2016,,381.331448,,47.378094
0,0,1,4,2016,194.5390833333333,60.168195,4.914500000000004,215.73257400000003
1,0,0,5,2016,231.6119354838709,70.242807,6.180443548387097,14.955169
1,0,0,5,2016,,319.621806,,57.460646
0,0,1,5,2016,239.38374999999988,300.020903,7.2451612903225815,202.42421000000002
0,1,0,6,2016,192.492125,86.82536,4.9952916666666605,24.512031
1,0,0,6,2016,,214.113706,,54.279437
0,0,1,6,2016,295.9650833333333,1.7519220000000002,3.9415416666666663,16.658071
1,0,0,7,2016,235.85649193548375,243.48274300000003,4.834919354838708,18.467729000000002
0,1,0,7,2016,250.17665322580632,64.922737,5.676733870967745,24.769599
0,0,1,7,2016,304.2577016129032,8.335497,4.3977419354838725,166.609175
1,0,0,8,2016,218.90536290322567,74.457411,5.587782258064519,16.155970999999997
1,0,0,8,2016,,216.457238,,64.34654599999999
0,1,0,8,2016,239.52608870967742,70.290095,5.4654838709677405,57.60299200000001
0,0,1,8,2016,249.58173387096787,40.952515000000005,4.045806451612905,290.207426
0,0,1,8,2016,248.688508064516,50.825308,3.207137096774193,107.358856
0,0,0,9,2016,,2.3625580000000004,,6.3797809999999995
0,1,0,9,2016,159.62104166666668,48.821232,4.9815000000000005,38.676119
0,1,0,11,2016,50.85933333333331,93.462195,5.305999999999998,7.207216000000001
0,1,0,11,2016,60.15779166666669,145.963411,7.711708333333338,18.769572
0,1,0,11,2016,54.652041666666705,164.41986,8.194166666666671,7.894647999999999
0,0,1,11,2016,88.43533333333332,3.0177009999999997,5.8548749999999945,7.7858410000000005
1,0,0,12,2016,39.491250000000015,96.58400300000001,5.874637096774192,4.493979
1,0,0,12,2016,,328.90631099999996,,15.946489000000001
0,0,1,12,2016,63.72629032258065,60.816053000000004,2.8316129032258064,37.192353999999995
0,1,0,1,2017,48.44342741935482,125.069041,7.360483870967734,7.915331
0,1,0,2,2017,73.51808035714284,220.28550499999997,6.853794642857144,11.175114
0,1,0,2,2017,82.03691964285717,107.567798,5.252276785714286,10.372096
1,0,0,2,2017,58.85910714285716,603.726875,7.226026785714287,4.224533999999999
0,1,0,2,2017,78.6154017857143,177.948982,8.775535714285708,9.258744
0,0,1,2,2017,99.4877232142857,101.150699,3.5261607142857145,44.213281
0,0,1,2,2017,115.87388392857136,1.7242400000000002,5.646875000000001,9.009908
1,0,0,3,2017,,691.486104,,42.617364
0,1,0,4,2017,216.05104166666646,109.18769099999999,5.2272500000000015,33.081829
0,1,0,4,2017,209.11716666666652,65.618963,4.983250000000002,28.419759999999997
1,0,0,4,2017,198.28345833333336,283.706823,5.168333333333335,15.602571
0,1,0,4,2017,223.98270833333325,97.048591,6.183708333333334,57.835591
0,1,0,5,2017,238.81697580645152,120.610437,5.174919354838705,33.118146
0,0,0,6,2017,,5.034175,,11.108787
0,1,0,6,2017,273.5299999999999,106.97704099999999,5.2467916666666685,36.915023
0,0,1,7,2017,234.2956048387097,75.696673,4.276854838709676,270.353101
0,0,1,7,2017,255.09318548387088,69.372419,3.2427822580645165,108.37961899999999
0,0,1,7,2017,307.92693548387086,9.022459,5.111935483870967,192.498805
0,0,1,7,2017,309.61383064516116,1.801193,4.124838709677424,22.122666
1,0,0,8,2017,,255.78335499999997,,59.33553199999999
0,0,1,8,2017,223.52741935483868,57.164356000000005,3.9652016129032246,288.95569
0,0,1,8,2017,263.28157258064516,6.9399169999999994,4.146451612903228,168.431703
0,1,0,9,2017,140.43224999999995,127.88395600000001,5.340499999999997,24.233228
0,0,1,9,2017,198.05645833333344,6.762347,4.99270833333333,141.85451899999998
0,1,0,11,2017,57.42712500000004,181.759624,6.157541666666671,10.801209
0,1,0,11,2017,64.23720833333334,119.365476,6.9816249999999975,21.717287
0,1,0,11,2017,55.34195833333335,137.301073,7.2529166666666685,8.934264
0,0,1,11,2017,85.28637499999995,337.49637,8.362875000000004,107.71211399999999
0,0,1,11,2017,89.71116666666668,2.585805,5.154708333333336,10.755274
0,0,0,12,2017,,15.182519000000001,,1.381375
0,0,1,1,2018,60.415060728744976,379.711507,6.890161943319835,66.880303
0,0,1,1,2018,77.26821862348181,10.978333000000001,7.925141700404858,65.498301
0,0,0,2,2018,,11.961186999999999,,3.7917769999999997
0,1,0,2,2018,91.63674107142856,170.174098,7.674419642857138,29.37544
0,1,0,2,2018,90.10941964285715,184.836827,8.452321428571429,13.800303
1,0,0,4,2018,175.80974999999995,115.983122,6.27725,13.683420000000002
0,0,0,5,2018,,7.875509,,11.888886999999999
1,0,0,5,2018,255.08104838709664,70.522667,5.5054838709677405,20.047565
0,0,1,5,2018,223.8297177419355,268.915055,5.470846774193549,221.967
0,0,1,5,2018,221.7316935483871,66.98433100000001,3.200322580645162,106.05048500000001
0,1,0,6,2018,255.28608333333335,102.549323,4.890708333333333,38.344134999999994
1,0,0,6,2018,267.52804166666664,58.568397,5.441666666666666,18.620475
1,0,0,7,2018,274.0503629032257,49.390065,4.6569758064516105,21.074683
1,0,0,8,2018,221.8799652777777,382.41418500000003,5.3476041666666685,18.025663
1,0,0,8,2018,,299.233697,,109.53069099999999
0,1,0,9,2018,184.17083333333318,128.964303,5.1379583333333345,34.243606
1,0,0,9,2018,,348.41578599999997,,100.476899
0,1,0,11,2018,62.74641666666671,121.60086299999999,4.926458333333329,13.728743
1,0,0,11,2018,,621.4681559999999,,49.18735
0,0,1,11,2018,71.54254166666664,8.311060000000001,6.5049583333333345,62.224819999999994
0,1,0,12,2018,35.57915322580645,267.056103,7.652620967741934,5.958783
1,0,0,12,2018,,887.34058,,19.447981
0,0,0,1,2019,,10.901197,,2.820042
0,0,1,1,2019,56.35092741935489,191.36717099999998,5.752499999999999,97.69933
0,0,1,1,2019,69.64866935483867,463.479683,7.364879032258066,98.03797
0,1,0,2,2019,99.72705357142857,152.703547,7.1024107142857185,36.801914000000004
0,0,0,3,2019,,19.218889,,8.189127000000001
0,1,0,3,2019,145.62891129032252,250.241442,8.448346774193551,52.564947
0,0,1,3,2019,172.8595564516129,398.050098,6.482540322580644,239.51655899999997
0,0,1,3,2019,156.33717741935484,140.560975,4.5729435483870935,111.79250400000001
1,0,0,4,2019,191.89937499999996,111.44281399999998,6.698374999999998,17.616652
1,0,0,5,2019,220.51145161290336,487.34022000000004,5.950201612903228,20.042656
0,1,0,5,2019,238.53173387096783,105.793054,6.5594354838709705,30.512859000000002
1,0,0,6,2019,,407.717187,,116.65354199999999
0,0,1,6,2019,316.99791666666664,0.239456,3.3803333333333336,27.841627000000003
0,1,0,7,2019,282.44201612903237,136.958394,5.139233870967745,47.655875
0,1,0,7,2019,283.8666532258063,104.719297,5.9402822580645145,34.554199
0,1,0,8,2019,225.30875,135.099152,5.184153225806453,42.506469
0,1,0,8,2019,228.7204435483873,80.97743,4.071854838709679,45.371619
0,0,1,8,2019,265.6852016129033,5.639849,4.5893145161290345,209.639497
0,1,0,9,2019,171.2049166666666,217.78876499999998,6.005416666666667,35.545413
0,1,0,9,2019,161.509625,169.35651299999998,7.464625,24.409672
0,0,1,9,2019,205.39783333333332,-0.008140999999999999,4.236625000000002,21.090616
0,1,0,10,2019,90.09798387096774,186.603919,8.360040322580645,14.826495999999999
0,0,1,10,2019,107.01588709677416,165.590679,5.664516129032258,205.565272
0,1,0,11,2019,51.12016666666666,209.848579,9.32975,9.952518
0,1,0,12,2019,41.26375000000001,341.619852,7.819153225806455,12.180603
0,1,0,12,2019,42.93959677419356,275.69014599999997,8.515322580645165,21.437291000000002
0,0,1,12,2019,62.4429435483871,399.826536,6.525927419354839,97.520115
0,0,0,1,2020,,26.638283,,2.678354
0,0,0,2,2020,,37.631177,,5.695969
0,0,0,8,2020,,14.088057999999998,,17.442151000000003
0,1,0,5,2020,271.7840725806454,151.419079,6.434112903225808,36.593762
0,1,0,6,2020,255.06887500000005,106.024048,6.361458333333335,30.476640999999997
0,1,0,7,2020,265.4897580645161,107.438367,6.466814516129031,34.811527000000005
0,1,0,1,2020,49.54709677419356,273.636871,8.086129032258068,17.696394
0,0,1,1,2020,76.93137096774197,7.145608999999999,5.591854838709673,72.668837
0,0,1,2,2020,132.18702586206894,7.970128,6.612629310344827,122.382053
0,0,1,4,2020,228.51441666666676,2.641005,5.0214583333333325,194.542022
0,0,1,6,2020,297.0311666666669,8.029765,6.355208333333334,234.681938
0,0,1,4,2020,233.9867500000001,0.713892,4.450083333333334,21.585966
0,0,1,10,2020,134.91181451612906,1.137349,5.270362903225805,17.707582000000002
1,0,0,8,2020,208.38544354838703,604.634993,5.3093951612903245,21.416061
1,0,0,9,2020,150.24575000000024,658.129304,5.695124999999996,17.441457
1,0,0,11,2020,50.33329166666668,961.365715,6.896124999999999,7.474080000000001
0,1,0,7,2020,277.8840322580648,155.347065,5.1956451612903205,58.040852
1,0,0,5,2020,268.46508064516127,121.726869,6.227217741935479,28.386526
1,0,0,6,2020,253.62695833333333,99.6795,5.888416666666666,24.363270999999997
1,0,0,11,2020,53.50562500000003,175.911934,7.739791666666663,8.521033000000001
0,0,1,1,2020,65.06411290322585,283.033687,6.2272983870967735,122.66215700000001
0,0,1,6,2020,256.2214166666668,65.069183,3.3310416666666662,151.91709699999998
0,0,1,7,2020,291.69036290322595,61.334694999999996,3.4545161290322586,181.273282
0,0,1,12,2020,43.40592741935487,138.684713,3.7561290322580616,33.681564
0,0,1,5,2020,256.117862903226,269.357612,5.53899193548387,320.88869
0,0,1,9,2020,187.92883333333327,237.641533,5.366291666666668,258.28317400000003
0,0,1,11,2020,83.26354166666667,313.26793399999997,5.75195833333333,135.441499
1,0,0,2,2020,,1407.717674,,31.220509000000003
1,0,0,3,2020,,1084.738857,,53.367674
1,0,0,4,2020,,534.7468190000001,,78.289353
0,1,0,1,2020,55.99879032258063,208.811756,5.661733870967742,11.871993
0,1,0,3,2020,137.62697580645164,215.93323900000001,5.7105241935483875,31.920015999999997
0,1,0,6,2020,247.53775000000005,94.763195,4.21625,42.920515
0,0,1,1,2014,,2.519086,,5.869766
1,0,0,2,2014,,561.909298,,5.158841000000001
0,0,1,2,2014,,80.169361,,26.68628
0,0,1,2,2014,,4.0804849999999995,,6.580339
0,1,0,3,2014,,113.989175,,20.297098000000002
0,1,0,3,2014,,110.02156699999999,,15.246491
1,0,0,4,2014,,186.280908,,13.383485
1,0,0,4,2014,,206.313986,,49.946217
0,0,1,4,2014,,2.976786,,10.079912
0,0,0,5,2014,,3.4925669999999998,,8.298912
0,0,1,5,2014,,71.653391,,122.73792900000001
1,0,0,6,2014,,41.089641,,15.497569
0,1,0,6,2014,,77.091431,,24.630205
0,1,0,7,2014,,55.232972,,45.780776
0,0,1,7,2014,,2.6067259999999997,,14.158976999999998
1,0,0,8,2014,,226.233291,,51.127758
0,0,1,8,2014,,37.265153999999995,,135.770084
0,0,0,9,2014,,1.5547600000000001,,7.3931949999999995
1,0,0,9,2014,,30.965996,,12.372347999999999
0,1,0,9,2014,,48.059743,,41.975996
0,0,1,9,2014,,104.57223499999999,,133.87596200000002
1,0,0,10,2014,,275.411293,,28.974976
0,0,1,10,2014,,133.178496,,112.143635
0,0,0,11,2014,,2.681988,,2.2399430000000002
0,0,0,12,2014,,4.273963,,1.151966
1,0,0,12,2014,,521.961637,,5.382434
0,0,1,12,2014,,76.337001,,44.258431
0,0,1,12,2014,,74.905799,,17.863884
1,0,0,1,2015,,150.995684,,3.428746
1,0,0,1,2015,,579.6780809999999,,9.276562
0,0,1,1,2015,,230.34654700000002,,62.511340000000004
0,0,0,3,2015,,3.8250260000000003,,5.434693
0,1,0,3,2015,,53.957312,,17.638181
0,1,0,3,2015,,121.65011799999999,,31.663501
0,1,0,3,2015,,163.903648,,14.07284
0,0,1,3,2015,,91.539438,,114.297091
0,0,1,3,2015,,252.697843,,114.21135600000001
0,0,1,3,2015,,74.825897,,57.550228000000004
0,0,1,3,2015,,10.023882,,90.99548
1,0,0,4,2015,,72.162339,,14.202023
0,1,0,4,2015,,88.236806,,44.833203000000005
0,0,1,4,2015,,0.92637,,14.84486
0,0,0,5,2015,,2.823627,,8.762019
1,0,0,6,2015,,315.70509100000004,,19.025785
0,0,0,7,2015,,2.6381900000000003,,9.773583
0,0,1,7,2015,,189.319883,,196.94208700000001
0,0,1,7,2015,,57.054997,,106.416803
1,0,0,8,2015,,231.798183,,14.947574
1,0,0,9,2015,,346.406815,,11.539838
0,1,0,9,2015,,95.919893,,44.091602
0,0,1,9,2015,,70.877824,,73.415467
1,0,0,10,2015,,72.378436,,7.83408
0,0,0,11,2015,,8.272335,,2.455433
1,0,0,11,2015,,168.567731,,4.5020489999999995
0,0,0,12,2015,,7.185513,,1.9827599999999999
0,0,1,12,2015,,144.96606,,67.597953
0,1,0,1,2016,40.703724696356275,227.768989,10.414089068825914,5.362512000000001
1,0,0,2,2016,68.0751293103448,685.662463,8.392758620689651,7.422182
1,0,0,2,2016,,804.6130049999999,,19.529273999999997
0,0,1,2,2016,99.47336206896549,257.555855,7.578663793103442,92.138925
0,0,1,2,2016,108.40974137931038,11.122065,6.90211206896551,70.71990500000001
0,0,1,3,2016,148.13169172932334,90.134573,3.846390977443607,63.49225
0,0,1,4,2016,235.77270833333333,4.69402,5.225458333333333,15.01286
0,0,0,5,2016,,4.199548,,7.656642
1,0,0,5,2016,213.51479838709676,311.950317,5.703508064516125,17.277712
0,1,0,5,2016,232.35717741935483,85.642142,6.346209677419353,23.414091
0,1,0,6,2016,207.5085,36.942896999999995,4.0040416666666685,23.209536
0,1,0,6,2016,218.94666666666672,62.210710999999996,5.588958333333334,43.728862
0,1,0,6,2016,222.37591666666665,63.338079,5.882583333333331,18.674556
0,0,1,6,2016,233.64904166666676,46.197897999999995,4.48316666666667,237.475297
0,0,1,6,2016,258.45250000000004,194.348959,6.323333333333332,208.72229
0,0,0,7,2016,,2.742614,,9.637277000000001
0,1,0,7,2016,252.83749999999992,28.51298,3.7962499999999983,29.775588
0,0,1,7,2016,272.31209677419366,41.607312,3.981572580645161,287.93902599999996
0,0,1,7,2016,271.65395161290337,53.835694999999994,3.311169354838709,107.062082
0,1,0,8,2016,228.31459677419357,32.583240999999994,3.715080645161291,29.456228999999997
0,0,1,8,2016,267.52278225806447,7.545025999999999,3.949153225806452,161.173116
0,1,0,9,2016,149.88329166666662,75.558904,5.69583333333333,17.659847
0,0,1,9,2016,174.70004166666675,50.563349,3.1349583333333335,81.15212
0,1,0,10,2016,110.3754838709676,130.383282,5.206532258064515,22.475811
0,1,0,10,2016,108.11362903225809,65.873888,4.500000000000002,21.088763
1,0,0,10,2016,102.88322580645165,70.712244,5.54516129032258,12.265476
0,0,0,11,2016,,6.722289,,2.348763
1,0,0,11,2016,50.240166666666696,138.760593,7.5257499999999915,4.884672
0,0,1,11,2016,84.97024999999994,9.184942,6.157708333333333,64.314701
0,1,0,12,2016,44.423185483870974,94.436058,4.6578629032258085,9.394587
0,1,0,12,2016,49.72822580645165,64.421581,3.5689516129032253,7.826356
0,0,1,12,2016,74.59866935483875,7.071022999999999,5.435322580645157,64.58824
0,0,1,12,2016,76.22451612903231,1.501485,4.64532258064516,7.604228
0,1,0,1,2017,50.05475806451614,166.13685900000002,6.017137096774187,9.591436
0,1,0,1,2017,54.49342741935486,92.084224,5.236330645161291,7.218922
1,0,0,1,2017,45.567580645161286,95.981629,6.825846774193544,4.601843
0,0,1,1,2017,67.6415322580645,126.370075,4.897903225806453,104.03116800000001
0,1,0,3,2017,122.02512096774186,204.517252,6.188467741935486,18.994319
0,1,0,3,2017,131.90157258064522,136.93957,7.343588709677423,33.547753
0,0,1,3,2017,161.29520161290318,260.680169,6.732177419354839,167.440813
0,0,1,3,2017,153.1729032258064,89.614039,3.5660483870967727,70.532253
0,0,0,4,2017,,4.76272,,8.884877000000001
0,1,0,4,2017,224.63795833333333,90.348387,6.134749999999999,25.152029000000002
0,0,1,4,2017,258.33545833333324,2.2184049999999997,4.270666666666666,17.37878
0,0,0,5,2017,,5.166935,,10.194492
1,0,0,5,2017,228.80032258064512,75.330853,5.819879032258066,16.510147
1,0,0,5,2017,226.65455645161282,326.72783799999996,5.383911290322581,17.113247
0,0,1,5,2017,261.016491935484,207.34166399999998,5.631693548387103,243.721481
0,0,1,5,2017,277.0120967741936,6.394893,4.698306451612901,165.75842600000001
1,0,0,6,2017,263.4687916666666,395.584793,5.562083333333331,19.466197
0,0,1,6,2017,303.79712500000005,1.45878,3.657875,19.052485
0,1,0,7,2017,216.70399193548386,142.529952,5.386209677419361,31.054479999999998
1,0,0,7,2017,210.5439112903226,408.146707,5.437580645161291,16.846252
1,0,0,8,2017,196.31991935483865,62.658415000000005,5.269072580645159,15.102186999999999
0,0,0,9,2017,,7.996202,,6.867814
1,0,0,9,2017,134.50175000000002,395.779358,5.723874999999996,11.764972
0,1,0,9,2017,134.47199999999992,121.03623999999999,7.137041666666662,17.242649
0,0,1,10,2017,117.01209677419355,77.28546300000001,4.3302016129032275,192.93392
1,0,0,11,2017,49.2529166666667,130.534689,7.22525,4.998467
0,0,1,11,2017,95.35425000000004,13.371282,5.3660000000000005,88.361657
1,0,0,12,2017,,825.635028,,8.273736999999999
0,0,1,12,2017,46.35350806451611,169.422507,5.963629032258062,75.945982
0,1,0,1,2018,37.53514170040486,199.66128,6.458421052631577,4.408338
1,0,0,1,2018,36.19728744939273,227.15946499999998,9.533198380566803,2.1265169999999998
1,0,0,1,2018,32.778663967611344,992.836891,8.737085020242924,1.763041
1,0,0,1,2018,,994.931507,,24.365555
0,1,0,1,2018,37.74578947368421,270.144411,10.18858299595142,4.08666
0,0,1,1,2018,47.40384615384617,226.433183,6.7276113360323855,70.71329300000001
1,0,0,2,2018,85.63370535714286,160.01703799999999,7.837991071428567,8.165754
0,0,0,3,2018,,13.467823000000001,,5.131912000000001
0,1,0,3,2018,112.80080645161287,143.409106,5.711895161290325,17.892109
1,0,0,3,2018,106.31903225806455,169.27828200000002,7.90270161290323,8.405611
0,1,0,3,2018,119.66879032258059,203.204022,7.945564516129031,37.860221
0,0,1,3,2018,130.32842741935485,221.95084900000003,6.96145161290323,225.146653
0,1,0,4,2018,183.19383333333343,142.003734,5.533750000000002,28.858087
0,1,0,4,2018,204.17274999999992,114.009795,4.888874999999999,27.834181
1,0,0,4,2018,175.69491666666661,534.0758,6.209833333333331,14.019742
0,1,0,4,2018,188.6266666666666,136.24358999999998,6.582791666666671,22.613164
0,0,1,4,2018,218.122,8.545115,6.335708333333331,158.213588
0,1,0,6,2018,265.78175000000016,83.476937,5.706749999999996,27.508905
0,0,1,7,2018,285.46713709677425,48.669956,3.127217741935484,147.191543
0,0,1,7,2018,307.15375,0.963606,3.3920161290322586,25.258097
0,0,0,8,2018,,6.5624199999999995,,10.661226
0,1,0,8,2018,238.07663194444453,65.070491,4.090486111111111,38.578134000000006
0,0,1,8,2018,244.5523958333333,64.459056,3.4122916666666665,133.28275
0,0,1,8,2018,268.2311846689894,0.76286,3.294773519163761,21.592938
0,0,0,9,2018,,7.541509,,9.221755
0,1,0,9,2018,186.6492083333333,72.260859,4.2156666666666665,34.087732
0,0,1,9,2018,204.9700833333333,165.90868999999998,4.580208333333331,246.193667
0,0,1,9,2018,207.91250000000005,5.008001999999999,4.525999999999999,176.121418
0,1,0,10,2018,111.4322891566265,139.733417,6.628313253012048,43.414346
0,1,0,10,2018,106.75855421686742,150.78725500000002,7.127550200803207,18.32
0,0,1,10,2018,120.60144578313248,155.974375,5.1640963855421695,224.097604
0,0,1,10,2018,120.3838955823292,358.943915,6.2075100401606464,155.643606
0,1,0,11,2018,64.03941666666668,173.792932,7.262375,26.503452000000003
1,0,0,12,2018,31.52608870967742,217.467543,9.275403225806453,2.0868599999999997
0,0,1,12,2018,60.01423387096777,326.482692,5.8420564516129065,73.14895
0,0,1,12,2018,47.3587096774194,120.160498,3.9990725806451617,25.731016
0,0,1,12,2018,70.56205645161282,7.860378,6.444032258064515,72.024311
0,0,1,2,2019,123.40084821428565,262.84415,5.312008928571426,166.331577
0,1,0,3,2019,138.24217741935485,329.511708,7.999798387096771,29.974959000000002
1,0,0,3,2019,117.65995967741935,1209.590817,8.71774193548388,13.003055
0,1,0,3,2019,138.80072580645157,254.114146,9.486975806451609,20.975801999999998
0,0,1,4,2019,191.03187500000007,130.618996,5.696291666666669,314.016303
0,0,1,4,2019,197.78800000000007,339.88505299999997,6.121125000000005,228.407063
0,0,1,4,2019,227.93400000000008,0.85198,4.414208333333336,20.530834
0,0,0,5,2019,,10.372814,,11.750655
0,0,1,5,2019,237.32229838709685,119.90619199999999,4.508508064516129,139.328997
0,1,0,6,2019,259.16658333333334,140.509677,5.356583333333334,42.981409
0,1,0,6,2019,247.28262500000008,95.406297,6.183041666666665,30.463890999999997
0,0,1,6,2019,314.47166666666647,5.059092,4.903749999999998,225.769912
0,0,0,7,2019,,9.292506,,13.753507
1,0,0,7,2019,265.9047580645164,433.109191,5.187540322580646,22.181163
0,0,1,7,2019,305.70266129032257,0.6723399999999999,3.3747580645161293,26.591246
0,0,0,8,2019,,12.185151,,12.183437
0,1,0,8,2019,219.78629032258067,104.764596,5.61806451612903,72.538802
0,0,1,8,2019,268.702419354839,0.228318,3.2090725806451603,23.104833
1,0,0,9,2019,154.00674999999995,143.25233,7.142666666666668,17.842917
0,1,0,9,2019,172.41437499999992,174.76959499999998,6.813500000000001,61.276593999999996
0,0,1,9,2019,187.2740416666668,75.653161,3.9452500000000033,128.646827
0,0,1,9,2019,202.59666666666664,6.836360000000001,5.77325,177.450218
1,0,0,10,2019,83.92435483870966,189.006396,8.207983870967743,10.937538
1,0,0,10,2019,,809.263325,,80.814767
0,0,1,10,2019,109.50120967741934,117.304101,3.978669354838709,80.145562
0,0,1,10,2019,133.66745967741934,8.216448,6.0652822580645145,125.503918
1,0,0,11,2019,48.56037499999999,171.434254,8.207333333333331,7.1422479999999995
0,1,0,11,2019,54.26000000000002,206.069551,7.959583333333334,22.897821
0,0,1,11,2019,60.80129166666672,106.842541,4.1685833333333315,46.342011
0,0,1,11,2019,76.06925000000005,1.1245479999999999,5.720333333333335,8.735486
0,0,0,12,2019,,29.593662,,4.417308
1,0,0,12,2019,,1096.094233,,29.875742
0,0,0,6,2020,,12.849027,,14.699341
0,0,0,10,2020,,30.646021,,8.002121
0,1,0,2,2020,80.74103448275861,343.680598,9.350000000000009,32.687129999999996
0,1,0,4,2020,210.95725,140.866315,5.805625000000001,70.8651
0,1,0,12,2020,40.03641129032258,285.78671099999997,8.436491935483867,19.455587
0,0,1,11,2020,89.10329166666669,12.204157,5.175041666666667,104.27224
0,0,1,6,2020,302.2435833333331,1.512907,4.670250000000002,25.700738
0,0,1,7,2020,313.6775403225805,0.42036599999999996,3.4471370967741937,27.856516999999997
0,0,1,11,2020,96.39487500000004,0.48521899999999996,4.187249999999998,13.0057
0,0,1,12,2020,64.51729838709674,1.195167,4.9399596774193535,9.674814
1,0,0,1,2020,38.19193548387099,1175.4809,8.047338709677419,3.000562
1,0,0,2,2020,64.86323275862068,1836.0798579999998,10.785560344827598,7.722457
1,0,0,5,2020,265.11580645161285,726.056642,6.013346774193548,23.867788
1,0,0,6,2020,248.5192916666668,567.901227,5.542833333333338,20.972684
1,0,0,10,2020,78.4006451612903,1290.42211,7.866814516129033,9.708838
0,1,0,1,2020,50.65665322580646,332.256062,7.160362903225808,12.186985
1,0,0,1,2020,43.29338709677422,215.115244,8.707540322580648,4.766503
1,0,0,7,2020,263.5127822580644,111.757302,6.244475806451617,27.684078999999997
1,0,0,9,2020,154.32070833333333,106.15609599999999,5.77275,19.939157
0,0,1,10,2020,96.32983870967735,247.10663300000002,6.647580645161296,207.83185
0,0,1,3,2020,150.96419354838704,96.037937,3.657096774193549,110.410308
0,0,1,4,2020,225.4571666666666,67.64169,3.066875,139.158867
0,0,1,6,2020,264.1214166666666,246.977511,5.812041666666665,313.45136
0,0,1,7,2020,294.89685483870966,250.536028,5.604798387096771,358.650537
0,0,1,12,2020,51.205241935483855,370.983197,6.4683870967741965,76.796211
1,0,0,11,2020,,644.444783,,29.915236
0,1,0,7,2020,281.57201612903225,86.766438,4.038951612903223,52.006077000000005
1,0,0,1,2016,38.776437246963546,,6.1308502024291505,
1,0,0,1,2016,38.8795951417004,,7.882550607287438,
1,0,0,2,2016,65.88374999999994,,6.926637931034483,
1,0,0,2,2016,74.54866379310347,,8.113793103448277,
1,0,0,3,2016,118.70631578947369,,5.711842105263162,
1,0,0,3,2016,117.18266917293231,,7.0111278195488715,
1,0,0,4,2016,183.413125,,4.4960416666666685,
1,0,0,4,2016,187.56325,,5.597291666666666,
1,0,0,5,2016,206.47100806451604,,4.349838709677419,
1,0,0,5,2016,199.88883064516136,,5.518508064516127,
1,0,0,6,2016,203.04654166666663,,3.861375,
1,0,0,6,2016,188.93137499999992,,4.831374999999995,
1,0,0,7,2016,236.37923387096782,,3.524798387096775,
1,0,0,7,2016,228.00217741935487,,4.512056451612906,
1,0,0,8,2016,213.43826612903226,,3.6354838709677435,
1,0,0,8,2016,213.31487903225792,,4.780362903225803,
1,0,0,9,2016,161.34941666666657,,3.751458333333334,
1,0,0,9,2016,145.6577499999999,,4.669041666666663,
1,0,0,10,2016,96.14620967741932,,4.366370967741935,
1,0,0,10,2016,101.12649193548391,,5.0040725806451585,
1,0,0,11,2016,46.47324999999999,,5.073958333333331,
1,0,0,11,2016,47.27862499999997,,6.471416666666667,
1,0,0,12,2016,42.118387096774185,,3.8600403225806432,
1,0,0,12,2016,40.32649193548389,,4.8631451612903245,
1,0,0,1,2017,47.272741935483864,,5.053024193548387,
1,0,0,1,2017,45.0932258064516,,6.122943548387092,
1,0,0,2,2017,68.91964285714289,,5.365491071428573,
1,0,0,2,2017,64.2091517857143,,6.945178571428572,
1,0,0,3,2017,128.66576612903216,,5.290443548387097,
1,0,0,3,2017,113.41927419354842,,6.410685483870964,
1,0,0,4,2017,194.72199999999995,,4.403374999999999,
1,0,0,4,2017,198.25583333333344,,5.020124999999998,
1,0,0,5,2017,236.00814516129043,,4.023064516129032,
1,0,0,5,2017,231.10036290322586,,5.265645161290318,
1,0,0,6,2017,270.2342916666666,,4.526458333333333,
1,0,0,6,2017,267.67666666666673,,5.181250000000002,
1,0,0,7,2017,216.26294354838714,,4.318951612903226,
1,0,0,7,2017,203.83076612903218,,5.285766129032252,
1,0,0,8,2017,191.55657258064517,,3.7112096774193577,
1,0,0,8,2017,189.9354435483871,,4.451572580645159,
1,0,0,9,2017,139.77979166666657,,4.4079583333333305,
1,0,0,9,2017,133.55129166666669,,5.4288750000000014,
1,0,0,10,2017,92.69387096774187,,4.811653225806455,
1,0,0,10,2017,91.49883064516126,,5.692701612903228,
1,0,0,11,2017,47.40004166666667,,5.380208333333329,
1,0,0,11,2017,51.085583333333346,,6.038124999999997,
1,0,0,12,2017,29.49193548387096,,6.705887096774191,
1,0,0,12,2017,29.10842741935484,,7.834193548387098,
1,0,0,1,2018,33.689433198380584,,7.307773279352222,
1,0,0,1,2018,31.412469635627538,,8.021740890688264,
1,0,0,2,2018,91.07004464285723,,6.059955357142855,
1,0,0,2,2018,87.9957142857143,,6.903080357142855,
1,0,0,3,2018,105.64778225806458,,6.128830645161294,
1,0,0,3,2018,100.61830645161295,,6.87774193548387,
1,0,0,4,2018,201.15283333333355,,5.194583333333336,
1,0,0,4,2018,176.72033333333326,,5.699708333333333,
1,0,0,5,2018,241.67,,4.3791129032258045,
1,0,0,5,2018,247.385120967742,,5.099395161290323,
1,0,0,6,2018,255.98137500000007,,4.218958333333332,
1,0,0,6,2018,244.5098333333333,,4.819125,
1,0,0,7,2018,268.3179435483871,,3.768145161290324,
1,0,0,7,2018,262.64637096774203,,4.400040322580645,
1,0,0,8,2018,231.68909722222224,,4.257048611111111,
1,0,0,8,2018,229.31048611111115,,4.843958333333337,
1,0,0,9,2018,175.51312499999997,,4.368291666666667,
1,0,0,9,2018,174.76591666666667,,5.136583333333336,
1,0,0,10,2018,103.68907630522092,,5.060602409638554,
1,0,0,10,2018,101.2281124497992,,5.9392771084337355,
1,0,0,11,2018,57.45020833333337,,5.474166666666667,
1,0,0,11,2018,56.75512499999999,,6.463499999999998,
1,0,0,12,2018,30.71959677419356,,6.917298387096778,
1,0,0,12,2018,31.25544354838707,,7.503911290322581,
1,0,0,1,2019,40.07798387096773,,5.9538709677419375,
1,0,0,1,2019,41.783830645161295,,6.318911290322577,
1,0,0,2,2019,93.57080357142857,,5.828392857142861,
1,0,0,2,2019,90.5725446428572,,6.460178571428576,
1,0,0,3,2019,124.92657258064509,,7.559314516129032,
1,0,0,3,2019,125.07794354838705,,7.896532258064521,
1,0,0,4,2019,183.79504166666663,,5.226249999999996,
1,0,0,4,2019,191.87795833333328,,5.64191666666667,
1,0,0,5,2019,216.2842741935487,,5.2668145161290285,
1,0,0,5,2019,218.85358870967747,,5.640161290322582,
1,0,0,6,2019,274.13583333333344,,4.679333333333334,
1,0,0,6,2019,252.73324999999997,,5.3595000000000015,
1,0,0,7,2019,276.05213709677423,,4.401048387096775,
1,0,0,7,2019,275.698508064516,,4.911532258064517,
1,0,0,8,2019,220.23552419354831,,4.434112903225802,
1,0,0,8,2019,213.88052419354844,,5.026451612903227,
1,0,0,9,2019,163.5797916666667,,5.224041666666662,
1,0,0,9,2019,160.07820833333338,,5.851041666666669,
1,0,0,10,2019,87.39778225806455,,6.225040322580641,
1,0,0,10,2019,84.27112903225806,,6.832499999999992,
1,0,0,11,2019,47.8974166666667,,5.949541666666668,
1,0,0,11,2019,46.77854166666665,,6.803749999999997,
1,0,0,12,2019,36.41891129032258,,7.304274193548392,
1,0,0,12,2019,36.1741129032258,,7.857822580645165,
1,0,0,1,2020,48.513991935483844,,6.422137096774197,
1,0,0,1,2020,43.3575,,7.178588709677423,
1,0,0,2,2020,71.13749999999997,,8.580344827586206,
1,0,0,2,2020,69.86508620689655,,9.186896551724145,
1,0,0,3,2020,132.86245967741925,,6.5922177419354835,
1,0,0,3,2020,128.4553629032258,,7.294153225806452,
1,0,0,4,2020,226.2042083333335,,4.61225,
1,0,0,4,2020,212.61879166666665,,5.1531666666666665,
1,0,0,5,2020,252.14028225806442,,4.918225806451612,
1,0,0,5,2020,255.69491935483882,,5.523870967741934,
1,0,0,6,2020,246.97125,,4.468958333333334,
1,0,0,6,2020,243.78725,,5.2552916666666665,
1,0,0,7,2020,267.8392741935483,,4.426774193548387,
1,0,0,7,2020,260.50314516129026,,5.378346774193547,
1,0,0,8,2020,216.8056854838708,,4.058104838709679,
1,0,0,8,2020,211.81911290322586,,4.7835080645161305,
1,0,0,9,2020,162.37066666666672,,4.248791666666672,
1,0,0,9,2020,158.45020833333336,,5.115916666666667,
1,0,0,10,2020,79.07338709677416,,6.596411290322582,
1,0,0,10,2020,81.63766129032255,,7.377016129032258,
1,0,0,11,2020,60.19570833333335,,5.058833333333338,
1,0,0,11,2020,57.544500000000006,,6.1530833333333375,
1,0,0,12,2020,28.976008064516147,,6.161935483870973,
1,0,0,12,2020,31.308991935483874,,7.521733870967743,
0,0,1,1,2021,51.321330645161325,,3.8333064516129034,
0,1,0,1,2021,40.03278225806451,,5.780645161290321,
0,1,0,1,2021,42.2501612903226,,7.987056451612898,
0,1,0,1,2021,40.8600806451613,,6.5792338709677445,
0,0,1,1,2021,76.86786290322586,,5.769999999999999,
1,0,0,1,2021,36.282388663967616,,6.055465587044537,
1,0,0,1,2021,0.0,,7.19,
1,0,0,1,2021,34.571774193548386,,6.966088709677415,
1,0,0,1,2021,0.0,,7.38,
1,0,0,1,2021,37.93217741935485,,7.497298387096772,
0,0,1,1,2021,52.51080645161289,,5.94935483870968,
0,0,1,1,2021,64.93423387096772,,6.699879032258066,
0,1,0,1,2021,45.31588709677422,,7.237983870967745,
0,0,1,1,2021,76.03713709677422,,7.168024193548389,
0,0,0,1,2021,38.43955465587045,,6.59995951417004,
0,0,1,2,2021,103.47495535714287,,3.655892857142857,
0,1,0,2,2021,92.83857142857143,,5.6403125,
0,1,0,2,2021,83.19803571428571,,8.909508928571421,
0,1,0,2,2021,88.66986607142859,,6.586160714285714,
0,0,1,2,2021,129.26160714285706,,5.791964285714282,
1,0,0,2,2021,87.28178571428573,,6.132053571428576,
1,0,0,2,2021,79.5979017857143,,7.380848214285708,
1,0,0,2,2021,80.04267857142857,,8.136428571428574,
0,0,1,2,2021,96.40209821428567,,6.289464285714284,
0,0,1,2,2021,103.37080357142858,,6.550133928571429,
0,1,0,2,2021,88.55455357142857,,7.771071428571429,
0,0,1,2,2021,118.69633928571423,,7.256473214285718,
0,0,0,2,2021,83.63160714285712,,6.873571428571426,
0,0,1,3,2021,0.0,,3.42,
0,1,0,3,2021,0.0,,4.92,
0,1,0,3,2021,0.0,,7.2,
0,1,0,3,2021,0.0,,5.9,
0,0,1,3,2021,0.0,,4.17,
1,0,0,3,2021,0.0,,5.61,
1,0,0,3,2021,0.0,,6.56,
1,0,0,3,2021,0.0,,6.93,
0,0,1,3,2021,0.0,,5.82,
0,0,1,3,2021,0.0,,6.74,
0,1,0,3,2021,0.0,,7.15,
0,0,1,3,2021,0.0,,6.04,
0,0,0,3,2021,0.0,,6.35,
