Mois,Région,Production éolienne (GWh),Production solaire (GWh)
2014-02,Île-de-France,6.518965,2.931509
2014-03,Occitanie,220.644746,116.568735
2014-04,Occitanie,189.563606,125.730294
2014-04,Provence-Alpes-Côte d'Azur,9.671714,98.951709
2014-05,Grand Est,363.412141,58.899353
2014-05,Pays de la Loire,92.919008,43.046833
2014-07,Provence-Alpes-Côte d'Azur,9.163458,121.481425
2014-08,Corse,2.680868,14.544107
2014-09,Corse,1.491181,12.086627
2014-10,Île-de-France,2.616298,4.080594
2014-10,Hauts-de-France,319.720927,7.284372
2014-10,Pays de la Loire,70.086514,26.35061
2014-11,Grand Est,344.077186,13.176289
2014-11,Corse,2.803153,5.973287
2014-12,Centre-Val de Loire,190.018215,4.193184
2014-12,Normandie,135.532233,2.638403
2014-12,Provence-Alpes-Côte d'Azur,15.684123,42.281633
2015-01,Pays de la Loire,130.956446,12.736579
2015-01,Provence-Alpes-Côte d'Azur,12.261986,54.762102
2015-02,Île-de-France,4.224572,3.066745
2015-02,Normandie,108.136972,5.538952
2015-02,Hauts-de-France,395.704364,5.631488
2015-02,Bretagne,162.172585,9.674576
2015-02,Occitanie,219.182314,79.766356
2015-02,Auvergne-Rhône-Alpes,66.137766,33.052793
2015-04,Bretagne,104.029072,21.78038
2015-04,Nouvelle-Aquitaine,68.631004,186.207858
2015-05,Bourgogne-Franche-Comté,51.522072,25.254782
2015-05,Pays de la Loire,89.346835,48.954078
2015-05,Bretagne,112.731903,21.560906
2015-05,Occitanie,234.81027,181.999314
2015-06,Île-de-France,2.234207,10.705527
2015-06,Centre-Val de Loire,116.778196,32.939319
2015-06,Grand Est,307.855356,65.723507
2015-06,Occitanie,137.327004,198.081038
2015-06,Provence-Alpes-Côte d'Azur,6.622559,139.670996
2015-08,Occitanie,154.982988,181.518348
2015-08,Provence-Alpes-Côte d'Azur,5.248003,134.271735
2015-09,Île-de-France,6.494558,7.044277
2015-10,Centre-Val de Loire,109.174721,15.017683
2015-10,Bourgogne-Franche-Comté,45.532717,13.817745
2015-10,Hauts-de-France,241.39824,7.398643
2015-10,Auvergne-Rhône-Alpes,62.480556,48.915212
2015-11,Bourgogne-Franche-Comté,89.852593,9.067798
2015-11,Auvergne-Rhône-Alpes,75.142502,40.075569
2015-11,Provence-Alpes-Côte d'Azur,10.178324,74.950316
2016-01,Île-de-France,9.028173,1.823699
2016-01,Centre-Val de Loire,262.374714,7.040643
2016-01,Hauts-de-France,746.281139,5.59614
2016-02,Pays de la Loire,164.631573,23.337292
2016-02,Bretagne,200.313391,9.640264
2016-02,Nouvelle-Aquitaine,125.600846,116.805294
2016-03,Île-de-France,8.301748,5.233893
2016-03,Bourgogne-Franche-Comté,91.299985,17.366192
2016-03,Grand Est,628.189086,37.636237
2016-03,Pays de la Loire,166.157104,36.866791
2016-03,Provence-Alpes-Côte d'Azur,11.889273,108.948041
2016-04,Centre-Val de Loire,129.406593,24.042223
2016-04,Bourgogne-Franche-Comté,52.252866,19.749758
2016-04,Hauts-de-France,382.836578,14.948437
2016-04,Pays de la Loire,99.271114,43.250409
2016-04,Auvergne-Rhône-Alpes,84.499596,75.503668
2016-05,Bourgogne-Franche-Comté,62.179599,23.467883
2016-08,Île-de-France,3.403228,9.140944
2016-09,Centre-Val de Loire,66.937475,23.582417
2016-09,Hauts-de-France,237.458035,13.885355
2016-10,Île-de-France,4.345425,7.305802
2016-10,Nouvelle-Aquitaine,64.475978,205.650166
2016-10,Occitanie,162.650609,153.104145
2016-11,Centre-Val de Loire,221.563981,9.459685
2016-11,Occitanie,235.478508,80.480923
2016-12,Hauts-de-France,388.999503,6.281208
2016-12,Occitanie,203.223925,87.657446
2017-01,Corse,3.042584,6.535086
2017-02,Île-de-France,7.200451,2.601717
2017-02,Normandie,149.431019,4.967004
2017-02,Occitanie,272.707364,103.799789
2017-03,Hauts-de-France,693.189786,10.525768
2017-03,Bretagne,171.500322,15.513595
2017-03,Nouvelle-Aquitaine,118.505136,179.7736
2017-03,Provence-Alpes-Côte d'Azur,8.435487,117.88373
2017-04,Grand Est,286.00796,58.807665
2017-04,Nouvelle-Aquitaine,112.69256,295.472147
2017-04,Occitanie,261.231087,236.645246
2017-04,Auvergne-Rhône-Alpes,91.423474,100.805464
2017-05,Pays de la Loire,101.046582,60.348804
2017-05,Nouvelle-Aquitaine,98.993337,296.290163
2017-05,Corse,1.995738,19.014822
2017-06,Normandie,74.69756,18.747543
2017-06,Pays de la Loire,80.522465,65.79679
2017-06,Auvergne-Rhône-Alpes,56.895511,112.517373
2017-06,Provence-Alpes-Côte d'Azur,5.624481,174.600805
2017-08,Bretagne,87.330194,24.438694
2017-09,Grand Est,383.925664,45.987189
2017-09,Nouvelle-Aquitaine,72.902423,220.510603
2017-09,Occitanie,219.001278,182.795169
2017-09,Corse,0.383062,17.64887
2017-10,Île-de-France,8.528743,5.151503
2017-10,Bourgogne-Franche-Comté,90.711006,17.784091
2017-10,Normandie,124.026232,8.578184
2017-10,Hauts-de-France,595.715908,8.476075
2017-10,Pays de la Loire,91.006271,32.640963
2017-10,Bretagne,115.188035,12.844928
2017-10,Auvergne-Rhône-Alpes,86.420262,71.884593
2017-11,Bourgogne-Franche-Comté,125.468147,8.281668
2017-11,Nouvelle-Aquitaine,107.198988,134.500259
2017-12,Hauts-de-France,844.152962,2.5438
2017-12,Bretagne,216.976893,5.279824
2018-01,Île-de-France,18.716385,0.932668
2018-02,Centre-Val de Loire,203.412312,13.419007
2018-02,Hauts-de-France,753.686479,8.529525
2018-02,Grand Est,613.391926,57.856831
2018-02,Occitanie,293.38522,110.777219
2018-03,Grand Est,674.831414,72.822182
2018-03,Bretagne,212.583964,14.819587
2018-03,Auvergne-Rhône-Alpes,122.128567,72.153349
2018-04,Grand Est,514.465917,100.534849
2018-04,Auvergne-Rhône-Alpes,102.613497,101.879603
2018-05,Centre-Val de Loire,104.559225,39.134944
2018-05,Bretagne,97.439704,30.596172
2018-05,Corse,0.48391,16.949974
2018-06,Pays de la Loire,78.261029,67.64641
2018-06,Nouvelle-Aquitaine,109.012616,366.975139
2018-06,Occitanie,189.974672,272.88328
2018-06,Corse,0.46353,20.653923
2018-07,Bourgogne-Franche-Comté,47.499869,41.924829
2018-07,Pays de la Loire,61.955233,74.233982
2018-07,Bretagne,79.142494,30.980392
2018-07,Provence-Alpes-Côte d'Azur,4.974155,216.917216
2018-08,Normandie,68.92932,18.229187
2018-08,Bretagne,62.580559,25.29222
2018-08,Occitanie,207.660732,277.299754
2018-08,Provence-Alpes-Côte d'Azur,5.610687,195.089058
2018-09,Nouvelle-Aquitaine,101.178023,340.135799
2018-10,Normandie,123.33694,13.090737
2018-10,Auvergne-Rhône-Alpes,112.488257,85.120256
2018-10,Provence-Alpes-Côte d'Azur,11.013273,112.284642
2018-11,Île-de-France,10.751201,4.770701
2018-11,Normandie,165.797121,7.853788
2018-12,Île-de-France,15.24884,0.897192
2018-12,Hauts-de-France,983.350827,1.676
2018-12,Bretagne,213.147695,2.509485
2018-12,Nouvelle-Aquitaine,220.317124,66.532342
2019-01,Bretagne,132.838304,7.554247
2019-01,Auvergne-Rhône-Alpes,114.415129,38.791854
2019-02,Bourgogne-Franche-Comté,129.586202,23.078548
2019-02,Grand Est,573.878915,64.940166
2019-03,Normandie,236.264478,13.670316
2019-04,Centre-Val de Loire,169.911885,35.238296
2019-04,Auvergne-Rhône-Alpes,103.559745,114.282908
2019-04,Provence-Alpes-Côte d'Azur,9.932295,171.862762
2019-05,Bourgogne-Franche-Comté,122.129086,42.385101
2019-05,Pays de la Loire,129.910585,73.29085
2019-06,Île-de-France,8.990408,12.676048
2019-06,Hauts-de-France,512.470702,21.530085
2019-06,Nouvelle-Aquitaine,108.157182,399.471101
2019-06,Occitanie,219.831613,303.915959
2019-07,Normandie,82.691999,24.874222
2019-08,Hauts-de-France,453.061113,20.273028
2019-08,Bretagne,109.737528,29.813262
2019-08,Nouvelle-Aquitaine,87.713706,404.855953
2019-08,Auvergne-Rhône-Alpes,58.278444,151.787644
2019-09,Île-de-France,19.652009,11.499915
2019-09,Bourgogne-Franche-Comté,135.094556,38.834372
2019-09,Occitanie,249.202041,254.118017
2019-10,Centre-Val de Loire,266.877235,19.456974
2019-10,Bourgogne-Franche-Comté,184.648083,21.212078
2019-10,Occitanie,324.646759,167.069889
2019-12,Bourgogne-Franche-Comté,261.315629,12.768578
2019-12,Hauts-de-France,1309.812091,5.863095
2019-12,Auvergne-Rhône-Alpes,137.441565,46.830811
2019-12,Corse,1.080009,9.717492
2020-03,Île-de-France,29.586655,9.048646
2020-11,Île-de-France,19.670377,6.34295
2020-02,Bretagne,339.83173,13.15371
2020-08,Bretagne,118.037945,30.832391
2020-11,Bretagne,192.163386,12.627647
2020-06,Pays de la Loire,131.808137,74.763174
2020-10,Pays de la Loire,239.736307,37.988703
2020-03,Provence-Alpes-Côte d'Azur,9.189496,165.4529
2020-01,Corse,0.734355,11.67754
2020-02,Corse,1.573439,16.521819
2020-05,Corse,0.994118,23.142611
2020-08,Corse,0.830818,32.275496
2020-04,Hauts-de-France,611.080342,19.5731
2020-04,Centre-Val de Loire,176.649788,45.627306
2020-05,Centre-Val de Loire,213.923778,54.538296
2020-06,Centre-Val de Loire,157.162889,46.273439
2020-09,Centre-Val de Loire,172.703084,42.377413
2020-04,Normandie,101.358067,22.222567
2020-08,Normandie,111.318435,23.767661
2020-08,Nouvelle-Aquitaine,108.739616,415.079961
2020-09,Nouvelle-Aquitaine,117.832947,347.675045
2020-11,Nouvelle-Aquitaine,200.932064,196.353437
2020-12,Nouvelle-Aquitaine,319.342553,92.191323
2020-02,Auvergne-Rhône-Alpes,145.727063,73.763228
2020-08,Auvergne-Rhône-Alpes,64.822965,158.91594
2020-10,Auvergne-Rhône-Alpes,120.560285,74.477883
2020-11,Auvergne-Rhône-Alpes,96.130517,68.091234
2020-01,Occitanie,345.347404,98.285521
2020-10,Occitanie,373.62731,164.313786
2020-09,Grand Est,437.299662,63.346562
2020-02,Bourgogne-Franche-Comté,294.481382,19.83403
2020-04,Bourgogne-Franche-Comté,116.524461,43.328888
2014-01,Île-de-France,5.468484,1.564473
2014-01,Grand Est,535.484144,13.093452
2014-02,Bourgogne-Franche-Comté,51.005514,8.132176
2014-02,Normandie,166.27304,5.522769
2014-03,Bourgogne-Franche-Comté,25.048632,19.011925
2014-03,Normandie,74.898272,10.17223
2014-03,Pays de la Loire,81.315766,33.101792
2014-03,Auvergne-Rhône-Alpes,70.370852,59.53177
2014-03,Corse,3.274851,9.752518
2014-04,Île-de-France,2.027755,6.922223
2014-04,Normandie,53.503624,11.269918
2014-05,Provence-Alpes-Côte d'Azur,11.740191,118.835156
2014-06,Centre-Val de Loire,102.42917,25.705807
2014-06,Hauts-de-France,147.493081,16.61708
2014-06,Pays de la Loire,61.938496,49.312034
2014-06,Nouvelle-Aquitaine,52.393659,144.889385
2014-06,Provence-Alpes-Côte d'Azur,5.51231,116.815862
2014-06,Corse,2.024815,13.779009
2014-07,Île-de-France,1.990326,7.898689
2014-07,Centre-Val de Loire,84.160698,23.106066
2014-07,Normandie,47.240834,14.750033
2014-07,Grand Est,203.287131,54.499822
2014-07,Bretagne,65.71479,23.260039
2014-07,Occitanie,203.365498,149.353281
2014-08,Île-de-France,2.100076,7.529536
2014-08,Normandie,65.177013,12.933515
2014-08,Auvergne-Rhône-Alpes,38.554246,76.32003
2014-08,Provence-Alpes-Côte d'Azur,5.739234,128.429015
2014-09,Bourgogne-Franche-Comté,19.91691,21.96499
2014-09,Bretagne,48.237641,19.760008
2014-09,Provence-Alpes-Côte d'Azur,7.82584,98.008896
2014-10,Auvergne-Rhône-Alpes,52.679725,51.087375
2014-10,Corse,1.48515,10.95785
2014-11,Centre-Val de Loire,136.126685,7.559518
2014-11,Bourgogne-Franche-Comté,36.374662,7.691531
2014-11,Normandie,96.675519,4.010301
2014-11,Hauts-de-France,306.466174,4.220122
2014-11,Bretagne,125.144273,6.308616
2014-12,Pays de la Loire,105.148462,9.712829
2014-12,Bretagne,150.977571,4.439931
2014-12,Corse,1.819074,6.728177
2015-01,Centre-Val de Loire,224.189591,6.034027
2015-01,Hauts-de-France,534.661798,3.033987
2015-01,Corse,3.452315,8.077107
2015-02,Corse,2.581572,7.693712
2015-03,Centre-Val de Loire,180.399883,16.568649
2015-03,Grand Est,468.725493,44.770637
2015-03,Corse,2.376238,10.651493
2015-04,Hauts-de-France,317.327022,15.73996
2015-04,Provence-Alpes-Côte d'Azur,8.686235,120.825249
2015-05,Auvergne-Rhône-Alpes,86.264374,91.690844
2015-06,Pays de la Loire,71.982544,58.620566
2015-06,Nouvelle-Aquitaine,46.122582,235.515682
2015-06,Auvergne-Rhône-Alpes,44.315513,101.200025
2015-07,Pays de la Loire,73.65866,53.609768
2015-07,Nouvelle-Aquitaine,53.833116,227.592937
2015-08,Île-de-France,3.327361,8.731258
2015-08,Bretagne,83.227635,20.073622
2015-08,Corse,1.07694,18.511256
2015-09,Centre-Val de Loire,164.901066,23.623034
2015-09,Normandie,80.640807,12.601046
2015-09,Grand Est,491.870826,45.886751
2015-09,Provence-Alpes-Côte d'Azur,10.08479,113.721635
2015-10,Pays de la Loire,88.187189,29.510228
2015-10,Nouvelle-Aquitaine,74.953825,141.372921
2015-11,Hauts-de-France,661.129726,3.755731
2015-11,Grand Est,651.451588,16.349189
2015-11,Corse,1.96431,7.798814
2015-12,Centre-Val de Loire,195.411056,8.747504
2015-12,Normandie,202.727608,3.397746
2015-12,Pays de la Loire,150.038094,13.375228
2016-01,Bourgogne-Franche-Comté,104.167958,6.30464
2016-01,Pays de la Loire,173.687664,13.069424
2016-01,Corse,4.149853,8.179735
2016-02,Normandie,159.978815,6.034908
2016-03,Centre-Val de Loire,228.334703,19.840553
2016-03,Bretagne,190.003759,16.420825
2016-03,Corse,1.872103,12.299278
2016-04,Provence-Alpes-Côte d'Azur,12.518407,126.435897
2016-05,Pays de la Loire,83.202676,49.077164
2016-05,Nouvelle-Aquitaine,67.840813,251.000407
2016-05,Auvergne-Rhône-Alpes,96.876824,90.503521
2016-05,Provence-Alpes-Côte d'Azur,13.211478,150.285053
2016-06,Hauts-de-France,253.331966,14.453517
2016-07,Normandie,54.255251,16.803848
2016-07,Occitanie,186.308481,230.999303
2016-08,Bretagne,88.880912,24.993717
2016-08,Corse,2.32284,16.909553
2016-09,Grand Est,196.245876,51.261252
2016-09,Nouvelle-Aquitaine,34.162496,225.942912
2016-09,Occitanie,174.325732,186.153578
2016-09,Provence-Alpes-Côte d'Azur,5.459418,129.621641
2016-10,Hauts-de-France,288.280353,14.240269
2016-10,Grand Est,357.426723,39.35114
2016-10,Provence-Alpes-Côte d'Azur,9.4367,102.872565
2016-10,Corse,2.641838,11.126504
2016-11,Grand Est,573.044657,16.528932
2016-12,Pays de la Loire,96.68041,15.57388
2016-12,Nouvelle-Aquitaine,77.654679,103.853085
2017-01,Grand Est,490.475824,16.143971
2017-01,Pays de la Loire,112.13242,18.35983
2017-01,Occitanie,305.37799,87.501482
2017-01,Provence-Alpes-Côte d'Azur,15.453356,64.197729
2017-02,Nouvelle-Aquitaine,136.278057,118.99532
2017-03,Bourgogne-Franche-Comté,118.382068,17.892703
2017-03,Normandie,150.970989,9.06728
2017-03,Corse,3.018403,15.16575
2017-04,Normandie,54.711244,15.871035
2017-04,Provence-Alpes-Côte d'Azur,13.61332,151.797612
2017-05,Grand Est,301.371512,67.330326
2017-05,Bretagne,108.877422,26.234011
2017-05,Auvergne-Rhône-Alpes,74.622862,105.86375
2017-06,Bourgogne-Franche-Comté,70.683326,32.734
2017-06,Grand Est,342.853772,73.059583
2017-06,Bretagne,86.152876,28.705462
2017-06,Nouvelle-Aquitaine,78.542817,295.348917
2017-07,Bourgogne-Franche-Comté,72.603387,28.824049
2017-07,Grand Est,370.590186,63.89815
2017-07,Bretagne,107.746065,25.386759
2017-08,Centre-Val de Loire,99.879346,31.230163
2017-08,Bourgogne-Franche-Comté,51.723121,27.986855
2017-08,Corse,1.006694,22.412846
2017-09,Normandie,94.433916,11.280773
2017-09,Pays de la Loire,93.340979,43.212498
2017-09,Auvergne-Rhône-Alpes,54.958068,78.66209
2017-10,Occitanie,273.322781,162.580543
2017-10,Provence-Alpes-Côte d'Azur,9.388579,132.248565
2017-11,Île-de-France,10.75893,2.648041
2017-12,Centre-Val de Loire,269.62556,5.785615
2017-12,Normandie,197.053665,2.846294
2017-12,Pays de la Loire,188.706995,12.958347
2017-12,Occitanie,354.989425,69.872736
2017-12,Auvergne-Rhône-Alpes,128.951731,21.13029
2018-01,Centre-Val de Loire,306.957392,5.366674
2018-01,Auvergne-Rhône-Alpes,139.778641,21.961504
2018-02,Bourgogne-Franche-Comté,113.829832,11.542768
2018-02,Provence-Alpes-Côte d'Azur,12.334559,89.058954
2018-03,Hauts-de-France,762.71588,7.907273
2018-03,Occitanie,346.059174,172.399426
2018-03,Provence-Alpes-Côte d'Azur,12.406021,127.494255
2018-04,Occitanie,264.379844,214.426968
2018-05,Bourgogne-Franche-Comté,68.518668,32.772651
2018-05,Pays de la Loire,86.768714,71.688427
2018-05,Nouvelle-Aquitaine,86.421372,331.967459
2018-06,Île-de-France,5.720216,10.891246
2018-06,Grand Est,256.349042,111.334777
2018-07,Hauts-de-France,265.964635,20.264905
2018-08,Nouvelle-Aquitaine,85.181808,394.598047
2018-09,Hauts-de-France,417.478424,15.251827
2018-09,Auvergne-Rhône-Alpes,57.274809,120.791264
2018-09,Corse,0.628598,19.178958
2018-10,Île-de-France,10.290827,8.134093
2018-10,Centre-Val de Loire,181.118509,25.211399
2018-10,Bourgogne-Franche-Comté,115.00267,24.359894
2018-10,Hauts-de-France,600.301956,12.63315
2018-10,Grand Est,537.28023,87.178062
2018-11,Centre-Val de Loire,189.705599,12.993101
2018-11,Hauts-de-France,761.252498,7.408405
2018-11,Occitanie,294.369128,98.766758
2018-11,Auvergne-Rhône-Alpes,98.077311,46.883852
2018-12,Pays de la Loire,217.957974,7.71229
2019-01,Centre-Val de Loire,226.976113,9.199509
2019-01,Bourgogne-Franche-Comté,123.414207,9.242077
2019-01,Pays de la Loire,146.772158,18.857592
2019-02,Centre-Val de Loire,184.965858,21.761039
2019-02,Normandie,151.720296,10.435082
2019-02,Hauts-de-France,735.370382,9.822364
2019-02,Auvergne-Rhône-Alpes,89.561496,78.453142
2019-02,Corse,0.82117,15.637565
2019-03,Grand Est,1090.308411,85.832104
2019-03,Nouvelle-Aquitaine,251.080089,310.757136
2019-03,Provence-Alpes-Côte d'Azur,10.35909,189.77582
2019-04,Île-de-France,9.741244,9.426352
2019-04,Bourgogne-Franche-Comté,115.465607,34.648639
2019-04,Pays de la Loire,138.517479,59.313778
2019-05,Centre-Val de Loire,162.189462,39.887994
2019-06,Bourgogne-Franche-Comté,99.129801,44.702534
2019-06,Normandie,95.988318,22.158061
2019-06,Pays de la Loire,106.651449,77.779056
2019-07,Bourgogne-Franche-Comté,93.44678,49.980787
2019-07,Grand Est,355.14854,121.103855
2019-07,Provence-Alpes-Côte d'Azur,4.967942,227.311657
2019-09,Hauts-de-France,706.328929,16.349941
2019-09,Grand Est,581.554285,101.77296
2019-09,Nouvelle-Aquitaine,138.204349,334.934476
2019-10,Île-de-France,23.063108,7.373791
2019-10,Hauts-de-France,920.200573,10.479831
2019-11,Nouvelle-Aquitaine,199.819529,106.150944
2019-11,Provence-Alpes-Côte d'Azur,7.15866,73.535779
2019-12,Nouvelle-Aquitaine,261.399766,101.194236
2019-12,Provence-Alpes-Côte d'Azur,9.233348,78.779166
2020-05,Île-de-France,17.403797,16.464167
2020-01,Bretagne,252.917734,6.823425
2020-03,Pays de la Loire,265.899566,53.604446
2020-05,Pays de la Loire,177.023452,90.008578
2020-07,Pays de la Loire,117.632188,91.169645
2020-07,Provence-Alpes-Côte d'Azur,7.071759,253.259471
2020-08,Provence-Alpes-Côte d'Azur,6.017045,236.035086
2020-10,Provence-Alpes-Côte d'Azur,10.395619,143.335194
2020-12,Provence-Alpes-Côte d'Azur,11.248986,63.893889
2020-09,Corse,0.708949,20.483625
2020-02,Centre-Val de Loire,476.853708,20.325637
2020-10,Centre-Val de Loire,328.890192,21.954347
2020-11,Centre-Val de Loire,216.315641,21.527111
2020-12,Centre-Val de Loire,356.348075,9.6799
2020-02,Nouvelle-Aquitaine,309.931066,193.871553
2020-03,Nouvelle-Aquitaine,238.806636,271.769131
2020-06,Nouvelle-Aquitaine,128.999694,414.141631
2020-01,Auvergne-Rhône-Alpes,121.308599,41.932954
2020-03,Occitanie,365.845558,220.972273
2020-04,Occitanie,239.274204,257.263164
2020-08,Occitanie,244.67537,321.493061
2020-05,Grand Est,531.227199,87.651798
2020-06,Grand Est,426.028248,77.84724
2020-07,Grand Est,421.013413,88.793037
2020-05,Bourgogne-Franche-Comté,140.966406,47.802577
2020-10,Bourgogne-Franche-Comté,218.950434,19.549545
2020-11,Bourgogne-Franche-Comté,149.120706,20.244923
2020-12,Bourgogne-Franche-Comté,221.038732,9.365328
2014-01,Nouvelle-Aquitaine,98.886487,30.888721
2014-01,Auvergne-Rhône-Alpes,75.012542,18.500091
2014-02,Centre-Val de Loire,272.083615,9.694815
2014-02,Bretagne,218.675594,8.24817
2014-02,Occitanie,198.132047,61.987479
2014-03,Hauts-de-France,259.03039,11.888559
2014-03,Grand Est,267.089705,47.284567
2014-03,Nouvelle-Aquitaine,57.464869,93.224384
2014-04,Centre-Val de Loire,90.848444,20.468846
2014-04,Bourgogne-Franche-Comté,19.241434,20.577756
2014-04,Pays de la Loire,78.075726,36.948829
2014-04,Bretagne,103.039593,17.762345
2014-04,Auvergne-Rhône-Alpes,57.750445,65.104183
2014-05,Centre-Val de Loire,148.466344,22.891108
2014-05,Hauts-de-France,289.099301,14.843664
2014-05,Bretagne,103.995814,21.380751
2014-05,Corse,3.546046,13.101403
2014-06,Bourgogne-Franche-Comté,25.792798,27.065712
2014-07,Bourgogne-Franche-Comté,20.975042,20.284772
2014-07,Nouvelle-Aquitaine,38.84,132.505775
2014-09,Centre-Val de Loire,73.098295,22.310862
2014-09,Auvergne-Rhône-Alpes,48.569949,68.369298
2014-10,Centre-Val de Loire,111.845331,14.058448
2014-10,Bourgogne-Franche-Comté,27.768461,13.940825
2014-10,Nouvelle-Aquitaine,61.544721,112.412405
2014-10,Provence-Alpes-Côte d'Azur,8.039207,79.535018
2014-11,Nouvelle-Aquitaine,89.600959,57.43668
2014-11,Auvergne-Rhône-Alpes,67.668836,25.238184
2014-12,Hauts-de-France,515.765969,2.103163
2014-12,Occitanie,270.941084,46.142228
2015-01,Île-de-France,4.955532,1.538583
2015-01,Bretagne,183.815529,5.778626
2015-01,Nouvelle-Aquitaine,97.89344,54.883397
2015-02,Bourgogne-Franche-Comté,61.487549,10.106593
2015-02,Pays de la Loire,131.711468,21.293921
2015-02,Nouvelle-Aquitaine,98.991539,87.469848
2015-03,Normandie,115.888059,9.23619
2015-03,Hauts-de-France,465.527514,10.090471
2015-04,Île-de-France,2.959761,8.214703
2015-04,Centre-Val de Loire,150.438215,25.493996
2015-04,Grand Est,346.223908,57.711456
2015-04,Auvergne-Rhône-Alpes,66.232188,81.747491
2015-05,Hauts-de-France,350.819572,15.635427
2015-05,Grand Est,346.789644,58.702913
2015-05,Nouvelle-Aquitaine,67.787067,194.102118
2015-05,Corse,1.408795,15.322196
2015-06,Bourgogne-Franche-Comté,34.702731,28.654517
2015-06,Bretagne,97.211879,27.226082
2015-07,Centre-Val de Loire,120.23546,30.405821
2015-07,Bretagne,89.599663,22.94697
2015-07,Provence-Alpes-Côte d'Azur,6.950381,149.471119
2015-08,Centre-Val de Loire,101.104905,27.348608
2015-08,Normandie,54.767716,13.87972
2015-08,Grand Est,293.339553,60.816506
2015-09,Nouvelle-Aquitaine,77.516437,177.688528
2015-10,Île-de-France,3.765193,4.23726
2015-10,Grand Est,300.307,27.091591
2015-10,Bretagne,110.750226,12.090076
2015-10,Provence-Alpes-Côte d'Azur,8.775841,82.287084
2015-11,Nouvelle-Aquitaine,88.493025,96.774554
2015-12,Bourgogne-Franche-Comté,87.44938,8.730708
2015-12,Grand Est,590.723369,16.16459
2015-12,Bretagne,250.18892,5.182113
2015-12,Corse,1.53729,7.965294
2016-01,Normandie,186.697038,3.419649
2016-01,Grand Est,729.902964,15.130482
2016-01,Nouvelle-Aquitaine,128.291777,75.084635
2016-01,Occitanie,187.14965,58.802617
2016-02,Centre-Val de Loire,275.350604,11.707917
2016-02,Bourgogne-Franche-Comté,111.04672,7.65619
2016-03,Normandie,125.351443,9.896874
2016-03,Nouvelle-Aquitaine,123.265315,193.0168
2016-04,Île-de-France,4.793005,7.529856
2016-04,Normandie,89.323408,13.005896
2016-04,Bretagne,117.263369,20.004214
2016-04,Occitanie,251.865179,173.256507
2016-05,Centre-Val de Loire,123.472528,26.388168
2016-05,Corse,3.477742,17.488332
2016-06,Île-de-France,2.831305,7.252504
2016-06,Normandie,56.701129,12.585468
2016-06,Auvergne-Rhône-Alpes,45.723221,94.172003
2016-06,Provence-Alpes-Côte d'Azur,6.84727,154.101043
2016-07,Centre-Val de Loire,86.923292,33.205444
2016-07,Grand Est,187.93171,65.959014
2016-07,Pays de la Loire,57.095422,57.164539
2016-07,Corse,1.827413,20.445734
2016-08,Centre-Val de Loire,96.034682,33.178528
2016-08,Hauts-de-France,315.998217,17.639021
2016-08,Occitanie,187.981662,232.521138
2016-09,Bourgogne-Franche-Comté,36.60767,22.409673
2016-09,Normandie,60.875939,10.928775
2016-09,Corse,1.363669,14.83154
2016-10,Pays de la Loire,93.985976,43.885278
2016-10,Bretagne,95.095347,21.544553
2016-10,Auvergne-Rhône-Alpes,64.507412,71.995495
2016-11,Hauts-de-France,533.677434,6.122325
2016-11,Nouvelle-Aquitaine,113.888476,109.982788
2016-11,Auvergne-Rhône-Alpes,84.493802,33.021683
2016-12,Île-de-France,2.891723,2.083556
2016-12,Bretagne,106.152348,6.253133
2017-01,Île-de-France,5.146914,2.019673
2017-01,Hauts-de-France,421.572065,3.857183
2017-01,Auvergne-Rhône-Alpes,88.241436,30.965511
2017-02,Grand Est,598.94503,20.768038
2017-02,Pays de la Loire,154.472813,20.935974
2017-02,Provence-Alpes-Côte d'Azur,10.184633,69.924202
2017-03,Île-de-France,9.908314,5.424804
2017-05,Bourgogne-Franche-Comté,74.820817,29.972214
2017-06,Occitanie,171.402573,243.41923
2017-07,Île-de-France,6.627431,9.482203
2017-07,Normandie,85.399555,16.278611
2017-07,Pays de la Loire,100.290795,56.237541
2017-07,Occitanie,264.709012,241.371194
2017-08,Île-de-France,5.415824,8.763385
2017-08,Hauts-de-France,284.495524,15.014832
2017-08,Pays de la Loire,74.585572,56.89524
2017-08,Occitanie,200.23342,229.557056
2017-08,Auvergne-Rhône-Alpes,55.204342,105.167313
2017-09,Bourgogne-Franche-Comté,71.798081,21.110642
2017-10,Centre-Val de Loire,139.72713,20.676127
2017-10,Grand Est,482.442085,34.544866
2017-10,Corse,0.914986,15.7713
2017-11,Hauts-de-France,521.647355,4.998764
2017-11,Grand Est,538.258284,14.256529
2017-11,Auvergne-Rhône-Alpes,111.263715,37.98025
2017-12,Bourgogne-Franche-Comté,160.158102,4.523167
2017-12,Provence-Alpes-Côte d'Azur,12.370602,59.800258
2017-12,Corse,2.224994,7.604239
2018-01,Pays de la Loire,235.29783,9.189969
2018-01,Corse,1.601345,8.870183
2018-02,Nouvelle-Aquitaine,176.520906,147.110121
2018-02,Auvergne-Rhône-Alpes,87.326138,40.725882
2018-02,Corse,1.236073,8.511064
2018-03,Centre-Val de Loire,245.140679,20.645698
2018-03,Corse,2.750533,14.152265
2018-04,Île-de-France,8.524428,8.44091
2018-04,Pays de la Loire,103.228041,51.634955
2018-04,Nouvelle-Aquitaine,118.882636,278.955506
2018-04,Corse,1.779803,18.468093
2018-05,Hauts-de-France,385.284959,19.016624
2018-05,Grand Est,352.36229,112.172949
2018-05,Provence-Alpes-Côte d'Azur,5.662789,159.6571
2018-06,Bourgogne-Franche-Comté,66.352509,39.174017
2018-06,Hauts-de-France,353.118311,18.225065
2018-06,Auvergne-Rhône-Alpes,61.650552,134.589102
2018-06,Provence-Alpes-Côte d'Azur,7.290078,189.743702
2018-07,Île-de-France,4.722374,12.43721
2018-07,Centre-Val de Loire,76.450243,41.364932
2018-07,Grand Est,238.922418,119.375944
2018-07,Nouvelle-Aquitaine,67.602795,404.31332
2018-07,Occitanie,156.150613,306.417549
2018-08,Centre-Val de Loire,95.554356,39.212139
2018-08,Pays de la Loire,61.76537,68.296168
2018-09,Normandie,91.314746,16.717485
2018-09,Pays de la Loire,99.524577,58.869411
2018-09,Bretagne,119.341264,23.510098
2018-10,Corse,0.735368,12.507049
2018-11,Bretagne,194.022238,11.45869
2018-11,Nouvelle-Aquitaine,167.502076,140.529726
2018-11,Corse,0.591944,8.831444
2018-12,Bourgogne-Franche-Comté,183.620869,5.376899
2018-12,Corse,1.252307,9.40021
2019-01,Normandie,145.05176,4.597184
2019-01,Hauts-de-France,788.435912,4.227197
2019-01,Grand Est,675.819459,28.439476
2019-01,Provence-Alpes-Côte d'Azur,17.952859,97.346514
2019-01,Corse,1.013034,11.557699
2019-02,Île-de-France,9.257202,5.857725
2019-02,Bretagne,159.729022,14.821922
2019-02,Nouvelle-Aquitaine,172.712704,217.883042
2019-02,Provence-Alpes-Côte d'Azur,6.404939,129.286522
2019-03,Bourgogne-Franche-Comté,236.502533,31.964473
2019-03,Corse,1.664186,21.452898
2019-04,Hauts-de-France,552.949065,15.827198
2019-04,Grand Est,501.592503,96.015131
2019-04,Bretagne,136.613094,24.141045
2014-01,Centre-Val de Loire,214.292872,5.55269
2019-05,Normandie,92.565845,21.505809
2014-01,Bourgogne-Franche-Comté,38.414048,5.513973
2019-05,Grand Est,449.366449,110.573555
2014-01,Normandie,156.651038,2.86885
2019-05,Nouvelle-Aquitaine,123.291552,380.622466
2014-01,Hauts-de-France,525.159,2.916058
2019-05,Occitanie,393.499231,288.662
2014-01,Pays de la Loire,144.194423,9.607937
2019-05,Provence-Alpes-Côte d'Azur,11.983733,213.651528
2014-01,Bretagne,200.068952,5.020116
2019-05,Corse,1.364301,22.235065
2014-01,Occitanie,189.597415,40.34457
2019-06,Auvergne-Rhône-Alpes,70.398922,149.880804
2014-01,Provence-Alpes-Côte d'Azur,8.227131,34.598372
2019-07,Pays de la Loire,114.201248,82.556401
2014-02,Grand Est,609.541705,18.384388
2019-07,Nouvelle-Aquitaine,93.705939,438.278115
2014-02,Pays de la Loire,179.658104,17.208138
2019-07,Occitanie,214.624857,322.059334
2014-02,Nouvelle-Aquitaine,128.431987,48.047011
2019-07,Auvergne-Rhône-Alpes,58.769137,165.356691
2014-02,Provence-Alpes-Côte d'Azur,8.280625,44.076151
2019-08,Normandie,93.31354,22.485824
2014-03,Île-de-France,2.870907,6.573901
2019-08,Grand Est,331.373685,115.169549
2014-03,Provence-Alpes-Côte d'Azur,8.544615,91.671047
2019-08,Occitanie,163.480211,307.539415
2014-04,Nouvelle-Aquitaine,58.623322,107.208433
2019-10,Pays de la Loire,172.079065,36.538152
2014-05,Bourgogne-Franche-Comté,33.094914,23.327756
2019-10,Corse,0.14742,16.355475
2014-05,Normandie,83.136907,13.105296
2019-11,Île-de-France,22.877192,4.602357
2014-05,Occitanie,237.143463,147.867277
2019-11,Centre-Val de Loire,275.273211,12.425745
2014-05,Auvergne-Rhône-Alpes,89.805539,73.097286
2019-11,Bourgogne-Franche-Comté,187.969807,13.018505
2014-06,Île-de-France,2.303841,9.374559
2019-11,Hauts-de-France,840.647341,6.477738
2014-06,Grand Est,248.260486,69.338082
2019-11,Grand Est,797.412699,47.360483
2014-06,Occitanie,140.316459,164.218216
2019-11,Occitanie,321.933805,107.387079
2014-06,Auvergne-Rhône-Alpes,55.140263,86.182018
2019-12,Normandie,262.393156,6.7246
2014-07,Hauts-de-France,170.405658,14.257812
2019-12,Bretagne,274.13891,8.87151
2014-07,Auvergne-Rhône-Alpes,53.814173,68.338852
2020-04,Île-de-France,15.485014,13.396076
2014-08,Centre-Val de Loire,88.967215,22.178946
2020-07,Île-de-France,13.846834,18.271019
2014-08,Bourgogne-Franche-Comté,21.341835,21.68122
2020-09,Île-de-France,15.557947,14.83333
2014-08,Hauts-de-France,241.62684,13.127565
2020-12,Île-de-France,32.27697,3.7824
2014-08,Pays de la Loire,54.526649,40.70191
2020-03,Bretagne,256.511932,20.751534
2014-08,Bretagne,76.129556,19.508924
2020-04,Bretagne,127.590654,27.486788
2014-08,Occitanie,116.57575,150.574615
2020-09,Bretagne,102.450738,24.645264
2014-09,Hauts-de-France,119.811849,11.802342
2020-10,Bretagne,224.557402,15.578338
2014-09,Grand Est,174.611749,48.221273
2020-12,Bretagne,262.132774,8.125003
2014-09,Nouvelle-Aquitaine,49.393208,142.345896
2020-08,Pays de la Loire,107.843694,77.444751
2014-10,Normandie,95.361097,7.327912
2020-09,Pays de la Loire,113.736132,63.739053
2014-10,Bretagne,117.318789,11.855931
2020-11,Pays de la Loire,191.808976,33.881006
2014-11,Pays de la Loire,101.14378,14.604428
2020-05,Provence-Alpes-Côte d'Azur,7.974916,222.3919
2014-11,Occitanie,186.95,55.966111
2020-09,Provence-Alpes-Côte d'Azur,5.274607,180.935211
2014-11,Provence-Alpes-Côte d'Azur,7.434432,40.075136
2020-03,Corse,0.980344,17.970342
2014-12,Bourgogne-Franche-Comté,55.498482,3.444572
2020-03,Hauts-de-France,1335.686051,12.899972
2015-01,Bourgogne-Franche-Comté,75.609008,4.92709
2020-07,Hauts-de-France,658.015276,22.804171
2015-01,Auvergne-Rhône-Alpes,70.684359,24.867689
2020-12,Hauts-de-France,1231.875408,4.913556
2015-02,Centre-Val de Loire,197.658714,10.228383
2020-03,Centre-Val de Loire,362.414289,32.677158
2015-02,Grand Est,450.500379,20.852932
2020-08,Centre-Val de Loire,157.553304,49.240136
2015-02,Provence-Alpes-Côte d'Azur,11.784671,64.554006
2020-02,Normandie,322.870346,9.002849
2015-04,Bourgogne-Franche-Comté,50.245378,24.107487
2020-03,Normandie,233.039979,15.610648
2015-04,Occitanie,176.313236,167.2407
2020-10,Normandie,210.427043,11.749904
2015-05,Centre-Val de Loire,139.699235,27.846088
2020-12,Normandie,228.911205,5.244386
2015-05,Normandie,85.240894,14.176826
2020-04,Nouvelle-Aquitaine,143.598033,329.589617
2015-05,Provence-Alpes-Côte d'Azur,11.226829,139.749578
2020-05,Nouvelle-Aquitaine,203.429871,432.181486
2015-06,Normandie,73.081008,17.89975
2020-07,Nouvelle-Aquitaine,109.451145,479.838964
2015-06,Corse,0.76617,16.624258
2020-05,Auvergne-Rhône-Alpes,96.31607,162.111832
2015-07,Bourgogne-Franche-Comté,42.881086,29.515313
2020-09,Auvergne-Rhône-Alpes,66.905685,131.250348
2015-07,Normandie,75.141221,14.886046
2020-02,Occitanie,378.04365,163.468641
2015-07,Hauts-de-France,347.574062,15.874028
2020-01,Grand Est,928.195901,17.593408
2015-07,Grand Est,338.204085,68.308892
2020-08,Grand Est,416.391392,78.443639
2015-07,Corse,2.032825,17.664911
2020-10,Grand Est,1028.047768,33.079484
2015-08,Bourgogne-Franche-Comté,38.104154,26.133879
2020-12,Grand Est,898.014652,13.936315
2015-08,Pays de la Loire,56.777945,47.691379
2020-08,Bourgogne-Franche-Comté,88.370956,45.576782
2015-08,Nouvelle-Aquitaine,46.936429,206.138572
2020-09,Bourgogne-Franche-Comté,108.594656,39.334328
2015-08,Auvergne-Rhône-Alpes,55.400297,91.714988
2015-09,Bourgogne-Franche-Comté,64.06087,21.679767
2015-09,Bretagne,97.98011,20.156559
2015-09,Occitanie,164.29155,151.581797
2015-09,Corse,3.48456,12.934015
2015-10,Occitanie,171.826435,113.453565
2015-10,Corse,2.581582,9.472382
2015-11,Centre-Val de Loire,227.590166,10.010521
2015-11,Pays de la Loire,124.911706,15.424908
2015-11,Bretagne,195.387954,6.797521
2015-11,Occitanie,241.94072,88.733744
2015-12,Hauts-de-France,758.102605,3.327975
2015-12,Nouvelle-Aquitaine,111.317738,94.907432
2015-12,Auvergne-Rhône-Alpes,69.613506,33.691453
2015-12,Provence-Alpes-Côte d'Azur,3.51542,41.055969
2016-01,Auvergne-Rhône-Alpes,85.026207,26.417774
2016-01,Provence-Alpes-Côte d'Azur,5.997627,49.827121
2016-02,Île-de-France,9.330731,3.282121
2016-02,Auvergne-Rhône-Alpes,90.363148,33.27653
2016-02,Corse,4.321958,8.225023
2016-03,Hauts-de-France,554.542804,11.650505
2016-03,Occitanie,234.340407,142.678029
2016-04,Grand Est,381.331448,47.378094
2016-04,Nouvelle-Aquitaine,60.168195,215.732574
2016-05,Normandie,70.242807,14.955169
2016-05,Grand Est,319.621806,57.460646
2016-05,Occitanie,300.020903,202.42421
2016-06,Centre-Val de Loire,86.82536,24.512031
2016-06,Grand Est,214.113706,54.279437
2016-06,Corse,1.751922,16.658071
2016-07,Hauts-de-France,243.482743,18.467729
2016-07,Bretagne,64.922737,24.769599
2016-07,Provence-Alpes-Côte d'Azur,8.335497,166.609175
2016-08,Normandie,74.457411,16.155971
2016-08,Grand Est,216.457238,64.346546
2016-08,Pays de la Loire,70.290095,57.602992
2016-08,Nouvelle-Aquitaine,40.952515,290.207426
2016-08,Auvergne-Rhône-Alpes,50.825308,107.358856
2016-09,Île-de-France,2.362558,6.379781
2016-09,Pays de la Loire,48.821232,38.676119
2016-11,Bourgogne-Franche-Comté,93.462195,7.207216
2016-11,Pays de la Loire,145.963411,18.769572
2016-11,Bretagne,164.41986,7.894648
2016-11,Corse,3.017701,7.785841
2016-12,Normandie,96.584003,4.493979
2016-12,Grand Est,328.906311,15.946489
2016-12,Auvergne-Rhône-Alpes,60.816053,37.192354
2017-01,Bretagne,125.069041,7.915331
2017-02,Centre-Val de Loire,220.285505,11.175114
2017-02,Bourgogne-Franche-Comté,107.567798,10.372096
2017-02,Hauts-de-France,603.726875,4.224534
2017-02,Bretagne,177.948982,9.258744
2017-02,Auvergne-Rhône-Alpes,101.150699,44.213281
2017-02,Corse,1.72424,9.009908
2017-03,Grand Est,691.486104,42.617364
2017-04,Centre-Val de Loire,109.187691,33.081829
2017-04,Bourgogne-Franche-Comté,65.618963,28.41976
2017-04,Hauts-de-France,283.706823,15.602571
2017-04,Pays de la Loire,97.048591,57.835591
2017-05,Centre-Val de Loire,120.610437,33.118146
2017-06,Île-de-France,5.034175,11.108787
2017-06,Centre-Val de Loire,106.977041,36.915023
2017-07,Nouvelle-Aquitaine,75.696673,270.353101
2017-07,Auvergne-Rhône-Alpes,69.372419,108.379619
2017-07,Provence-Alpes-Côte d'Azur,9.022459,192.498805
2017-07,Corse,1.801193,22.122666
2017-08,Grand Est,255.783355,59.335532
2017-08,Nouvelle-Aquitaine,57.164356,288.95569
2017-08,Provence-Alpes-Côte d'Azur,6.939917,168.431703
2017-09,Centre-Val de Loire,127.883956,24.233228
2017-09,Provence-Alpes-Côte d'Azur,6.762347,141.854519
2017-11,Centre-Val de Loire,181.759624,10.801209
2017-11,Pays de la Loire,119.365476,21.717287
2017-11,Bretagne,137.301073,8.934264
2017-11,Occitanie,337.49637,107.712114
2017-11,Corse,2.585805,10.755274
2017-12,Île-de-France,15.182519,1.381375
2018-01,Occitanie,379.711507,66.880303
2018-01,Provence-Alpes-Côte d'Azur,10.978333,65.498301
2018-02,Île-de-France,11.961187,3.791777
2018-02,Pays de la Loire,170.174098,29.37544
2018-02,Bretagne,184.836827,13.800303
2018-04,Normandie,115.983122,13.68342
2018-05,Île-de-France,7.875509,11.888887
2018-05,Normandie,70.522667,20.047565
2018-05,Occitanie,268.915055,221.967
2018-05,Auvergne-Rhône-Alpes,66.984331,106.050485
2018-06,Centre-Val de Loire,102.549323,38.344135
2018-06,Normandie,58.568397,18.620475
2018-07,Normandie,49.390065,21.074683
2018-08,Hauts-de-France,382.414185,18.025663
2018-08,Grand Est,299.233697,109.530691
2018-09,Centre-Val de Loire,128.964303,34.243606
2018-09,Grand Est,348.415786,100.476899
2018-11,Bourgogne-Franche-Comté,121.600863,13.728743
2018-11,Grand Est,621.468156,49.18735
2018-11,Provence-Alpes-Côte d'Azur,8.31106,62.22482
2018-12,Centre-Val de Loire,267.056103,5.958783
2018-12,Grand Est,887.34058,19.447981
2019-01,Île-de-France,10.901197,2.820042
2019-01,Nouvelle-Aquitaine,191.367171,97.69933
2019-01,Occitanie,463.479683,98.03797
2019-02,Pays de la Loire,152.703547,36.801914
2019-03,Île-de-France,19.218889,8.189127
2019-03,Pays de la Loire,250.241442,52.564947
2019-03,Occitanie,398.050098,239.516559
2019-03,Auvergne-Rhône-Alpes,140.560975,111.792504
2019-04,Normandie,111.442814,17.616652
2019-05,Hauts-de-France,487.34022,20.042656
2019-05,Bretagne,105.793054,30.512859
2019-06,Grand Est,407.717187,116.653542
2019-06,Corse,0.239456,27.841627
2019-07,Centre-Val de Loire,136.958394,47.655875
2019-07,Bretagne,104.719297,34.554199
2019-08,Centre-Val de Loire,135.099152,42.506469
2019-08,Bourgogne-Franche-Comté,80.97743,45.371619
2019-08,Provence-Alpes-Côte d'Azur,5.639849,209.639497
2019-09,Centre-Val de Loire,217.788765,35.545413
2019-09,Bretagne,169.356513,24.409672
2019-09,Corse,-0.008141,21.090616
2019-10,Bretagne,186.603919,14.826496
2019-10,Nouvelle-Aquitaine,165.590679,205.565272
2019-11,Bretagne,209.848579,9.952518
2019-12,Centre-Val de Loire,341.619852,12.180603
2019-12,Pays de la Loire,275.690146,21.437291
2019-12,Occitanie,399.826536,97.520115
2020-01,Île-de-France,26.638283,2.678354
2020-02,Île-de-France,37.631177,5.695969
2020-08,Île-de-France,14.088058,17.442151
2020-05,Bretagne,151.419079,36.593762
2020-06,Bretagne,106.024048,30.476641
2020-07,Bretagne,107.438367,34.811527
2020-01,Pays de la Loire,273.636871,17.696394
2020-01,Provence-Alpes-Côte d'Azur,7.145609,72.668837
2020-02,Provence-Alpes-Côte d'Azur,7.970128,122.382053
2020-04,Provence-Alpes-Côte d'Azur,2.641005,194.542022
2020-06,Provence-Alpes-Côte d'Azur,8.029765,234.681938
2020-04,Corse,0.713892,21.585966
2020-10,Corse,1.137349,17.707582
2020-08,Hauts-de-France,604.634993,21.416061
2020-09,Hauts-de-France,658.129304,17.441457
2020-11,Hauts-de-France,961.365715,7.47408
2020-07,Centre-Val de Loire,155.347065,58.040852
2020-05,Normandie,121.726869,28.386526
2020-06,Normandie,99.6795,24.363271
2020-11,Normandie,175.911934,8.521033
2020-01,Nouvelle-Aquitaine,283.033687,122.662157
2020-06,Auvergne-Rhône-Alpes,65.069183,151.917097
2020-07,Auvergne-Rhône-Alpes,61.334695,181.273282
2020-12,Auvergne-Rhône-Alpes,138.684713,33.681564
2020-05,Occitanie,269.357612,320.88869
2020-09,Occitanie,237.641533,258.283174
2020-11,Occitanie,313.267934,135.441499
2020-02,Grand Est,1407.717674,31.220509
2020-03,Grand Est,1084.738857,53.367674
2020-04,Grand Est,534.746819,78.289353
2020-01,Bourgogne-Franche-Comté,208.811756,11.871993
2020-03,Bourgogne-Franche-Comté,215.933239,31.920016
2020-06,Bourgogne-Franche-Comté,94.763195,42.920515
2014-01,Corse,2.519086,5.869766
2014-02,Hauts-de-France,561.909298,5.158841
2014-02,Auvergne-Rhône-Alpes,80.169361,26.68628
2014-02,Corse,4.080485,6.580339
2014-03,Centre-Val de Loire,113.989175,20.297098
2014-03,Bretagne,110.021567,15.246491
2014-04,Hauts-de-France,186.280908,13.383485
2014-04,Grand Est,206.313986,49.946217
2014-04,Corse,2.976786,10.079912
2014-05,Île-de-France,3.492567,8.298912
2014-05,Nouvelle-Aquitaine,71.653391,122.737929
2014-06,Normandie,41.089641,15.497569
2014-06,Bretagne,77.091431,24.630205
2014-07,Pays de la Loire,55.232972,45.780776
2014-07,Corse,2.606726,14.158977
2014-08,Grand Est,226.233291,51.127758
2014-08,Nouvelle-Aquitaine,37.265154,135.770084
2014-09,Île-de-France,1.55476,7.393195
2014-09,Normandie,30.965996,12.372348
2014-09,Pays de la Loire,48.059743,41.975996
2014-09,Occitanie,104.572235,133.875962
2014-10,Grand Est,275.411293,28.974976
2014-10,Occitanie,133.178496,112.143635
2014-11,Île-de-France,2.681988,2.239943
2014-12,Île-de-France,4.273963,1.151966
2014-12,Grand Est,521.961637,5.382434
2014-12,Nouvelle-Aquitaine,76.337001,44.258431
2014-12,Auvergne-Rhône-Alpes,74.905799,17.863884
2015-01,Normandie,150.995684,3.428746
2015-01,Grand Est,579.678081,9.276562
2015-01,Occitanie,230.346547,62.51134
2015-03,Île-de-France,3.825026,5.434693
2015-03,Bourgogne-Franche-Comté,53.957312,17.638181
2015-03,Pays de la Loire,121.650118,31.663501
2015-03,Bretagne,163.903648,14.07284
2015-03,Nouvelle-Aquitaine,91.539438,114.297091
2015-03,Occitanie,252.697843,114.211356
2015-03,Auvergne-Rhône-Alpes,74.825897,57.550228
2015-03,Provence-Alpes-Côte d'Azur,10.023882,90.99548
2015-04,Normandie,72.162339,14.202023
2015-04,Pays de la Loire,88.236806,44.833203
2015-04,Corse,0.92637,14.84486
2015-05,Île-de-France,2.823627,8.762019
2015-06,Hauts-de-France,315.705091,19.025785
2015-07,Île-de-France,2.63819,9.773583
2015-07,Occitanie,189.319883,196.942087
2015-07,Auvergne-Rhône-Alpes,57.054997,106.416803
2015-08,Hauts-de-France,231.798183,14.947574
2015-09,Hauts-de-France,346.406815,11.539838
2015-09,Pays de la Loire,95.919893,44.091602
2015-09,Auvergne-Rhône-Alpes,70.877824,73.415467
2015-10,Normandie,72.378436,7.83408
2015-11,Île-de-France,8.272335,2.455433
2015-11,Normandie,168.567731,4.502049
2015-12,Île-de-France,7.185513,1.98276
2015-12,Occitanie,144.96606,67.597953
2016-01,Bretagne,227.768989,5.362512
2016-02,Hauts-de-France,685.662463,7.422182
2016-02,Grand Est,804.613005,19.529274
2016-02,Occitanie,257.555855,92.138925
2016-02,Provence-Alpes-Côte d'Azur,11.122065,70.719905
2016-03,Auvergne-Rhône-Alpes,90.134573,63.49225
2016-04,Corse,4.69402,15.01286
2016-05,Île-de-France,4.199548,7.656642
2016-05,Hauts-de-France,311.950317,17.277712
2016-05,Bretagne,85.642142,23.414091
2016-06,Bourgogne-Franche-Comté,36.942897,23.209536
2016-06,Pays de la Loire,62.210711,43.728862
2016-06,Bretagne,63.338079,18.674556
2016-06,Nouvelle-Aquitaine,46.197898,237.475297
2016-06,Occitanie,194.348959,208.72229
2016-07,Île-de-France,2.742614,9.637277
2016-07,Bourgogne-Franche-Comté,28.51298,29.775588
2016-07,Nouvelle-Aquitaine,41.607312,287.939026
2016-07,Auvergne-Rhône-Alpes,53.835695,107.062082
2016-08,Bourgogne-Franche-Comté,32.583241,29.456229
2016-08,Provence-Alpes-Côte d'Azur,7.545026,161.173116
2016-09,Bretagne,75.558904,17.659847
2016-09,Auvergne-Rhône-Alpes,50.563349,81.15212
2016-10,Centre-Val de Loire,130.383282,22.475811
2016-10,Bourgogne-Franche-Comté,65.873888,21.088763
2016-10,Normandie,70.712244,12.265476
2016-11,Île-de-France,6.722289,2.348763
2016-11,Normandie,138.760593,4.884672
2016-11,Provence-Alpes-Côte d'Azur,9.184942,64.314701
2016-12,Centre-Val de Loire,94.436058,9.394587
2016-12,Bourgogne-Franche-Comté,64.421581,7.826356
2016-12,Provence-Alpes-Côte d'Azur,7.071023,64.58824
2016-12,Corse,1.501485,7.604228
2017-01,Centre-Val de Loire,166.136859,9.591436
2017-01,Bourgogne-Franche-Comté,92.084224,7.218922
2017-01,Normandie,95.981629,4.601843
2017-01,Nouvelle-Aquitaine,126.370075,104.031168
2017-03,Centre-Val de Loire,204.517252,18.994319
2017-03,Pays de la Loire,136.93957,33.547753
2017-03,Occitanie,260.680169,167.440813
2017-03,Auvergne-Rhône-Alpes,89.614039,70.532253
2017-04,Île-de-France,4.76272,8.884877
2017-04,Bretagne,90.348387,25.152029
2017-04,Corse,2.218405,17.37878
2017-05,Île-de-France,5.166935,10.194492
2017-05,Normandie,75.330853,16.510147
2017-05,Hauts-de-France,326.727838,17.113247
2017-05,Occitanie,207.341664,243.721481
2017-05,Provence-Alpes-Côte d'Azur,6.394893,165.758426
2017-06,Hauts-de-France,395.584793,19.466197
2017-06,Corse,1.45878,19.052485
2017-07,Centre-Val de Loire,142.529952,31.05448
2017-07,Hauts-de-France,408.146707,16.846252
2017-08,Normandie,62.658415,15.102187
2017-09,Île-de-France,7.996202,6.867814
2017-09,Hauts-de-France,395.779358,11.764972
2017-09,Bretagne,121.03624,17.242649
2017-10,Nouvelle-Aquitaine,77.285463,192.93392
2017-11,Normandie,130.534689,4.998467
2017-11,Provence-Alpes-Côte d'Azur,13.371282,88.361657
2017-12,Grand Est,825.635028,8.273737
2017-12,Nouvelle-Aquitaine,169.422507,75.945982
2018-01,Bourgogne-Franche-Comté,199.66128,4.408338
2018-01,Normandie,227.159465,2.126517
2018-01,Hauts-de-France,992.836891,1.763041
2018-01,Grand Est,994.931507,24.365555
2018-01,Bretagne,270.144411,4.08666
2018-01,Nouvelle-Aquitaine,226.433183,70.713293
2018-02,Normandie,160.017038,8.165754
2018-03,Île-de-France,13.467823,5.131912
2018-03,Bourgogne-Franche-Comté,143.409106,17.892109
2018-03,Normandie,169.278282,8.405611
2018-03,Pays de la Loire,203.204022,37.860221
2018-03,Nouvelle-Aquitaine,221.950849,225.146653
2018-04,Centre-Val de Loire,142.003734,28.858087
2018-04,Bourgogne-Franche-Comté,114.009795,27.834181
2018-04,Hauts-de-France,534.0758,14.019742
2018-04,Bretagne,136.24359,22.613164
2018-04,Provence-Alpes-Côte d'Azur,8.545115,158.213588
2018-06,Bretagne,83.476937,27.508905
2018-07,Auvergne-Rhône-Alpes,48.669956,147.191543
2018-07,Corse,0.963606,25.258097
2018-08,Île-de-France,6.56242,10.661226
2018-08,Bourgogne-Franche-Comté,65.070491,38.578134
2018-08,Auvergne-Rhône-Alpes,64.459056,133.28275
2018-08,Corse,0.76286,21.592938
2018-09,Île-de-France,7.541509,9.221755
2018-09,Bourgogne-Franche-Comté,72.260859,34.087732
2018-09,Occitanie,165.90869,246.193667
2018-09,Provence-Alpes-Côte d'Azur,5.008002,176.121418
2018-10,Pays de la Loire,139.733417,43.414346
2018-10,Bretagne,150.787255,18.32
2018-10,Nouvelle-Aquitaine,155.974375,224.097604
2018-10,Occitanie,358.943915,155.643606
2018-11,Pays de la Loire,173.792932,26.503452
2018-12,Normandie,217.467543,2.08686
2018-12,Occitanie,326.482692,73.14895
2018-12,Auvergne-Rhône-Alpes,120.160498,25.731016
2018-12,Provence-Alpes-Côte d'Azur,7.860378,72.024311
2019-02,Occitanie,262.84415,166.331577
2019-03,Centre-Val de Loire,329.511708,29.974959
2019-03,Hauts-de-France,1209.590817,13.003055
2019-03,Bretagne,254.114146,20.975802
2019-04,Nouvelle-Aquitaine,130.618996,314.016303
2019-04,Occitanie,339.885053,228.407063
2019-04,Corse,0.85198,20.530834
2019-05,Île-de-France,10.372814,11.750655
2019-05,Auvergne-Rhône-Alpes,119.906192,139.328997
2019-06,Centre-Val de Loire,140.509677,42.981409
2019-06,Bretagne,95.406297,30.463891
2019-06,Provence-Alpes-Côte d'Azur,5.059092,225.769912
2019-07,Île-de-France,9.292506,13.753507
2019-07,Hauts-de-France,433.109191,22.181163
2019-07,Corse,0.67234,26.591246
2019-08,Île-de-France,12.185151,12.183437
2019-08,Pays de la Loire,104.764596,72.538802
2019-08,Corse,0.228318,23.104833
2019-09,Normandie,143.25233,17.842917
2019-09,Pays de la Loire,174.769595,61.276594
2019-09,Auvergne-Rhône-Alpes,75.653161,128.646827
2019-09,Provence-Alpes-Côte d'Azur,6.83636,177.450218
2019-10,Normandie,189.006396,10.937538
2019-10,Grand Est,809.263325,80.814767
2019-10,Auvergne-Rhône-Alpes,117.304101,80.145562
2019-10,Provence-Alpes-Côte d'Azur,8.216448,125.503918
2019-11,Normandie,171.434254,7.142248
2019-11,Pays de la Loire,206.069551,22.897821
2019-11,Auvergne-Rhône-Alpes,106.842541,46.342011
2019-11,Corse,1.124548,8.735486
2019-12,Île-de-France,29.593662,4.417308
2019-12,Grand Est,1096.094233,29.875742
2020-06,Île-de-France,12.849027,14.699341
2020-10,Île-de-France,30.646021,8.002121
2020-02,Pays de la Loire,343.680598,32.68713
2020-04,Pays de la Loire,140.866315,70.8651
2020-12,Pays de la Loire,285.786711,19.455587
2020-11,Provence-Alpes-Côte d'Azur,12.204157,104.27224
2020-06,Corse,1.512907,25.700738
2020-07,Corse,0.420366,27.856517
2020-11,Corse,0.485219,13.0057
2020-12,Corse,1.195167,9.674814
2020-01,Hauts-de-France,1175.4809,3.000562
2020-02,Hauts-de-France,1836.079858,7.722457
2020-05,Hauts-de-France,726.056642,23.867788
2020-06,Hauts-de-France,567.901227,20.972684
2020-10,Hauts-de-France,1290.42211,9.708838
2020-01,Centre-Val de Loire,332.256062,12.186985
2020-01,Normandie,215.115244,4.766503
2020-07,Normandie,111.757302,27.684079
2020-09,Normandie,106.156096,19.939157
2020-10,Nouvelle-Aquitaine,247.106633,207.83185
2020-03,Auvergne-Rhône-Alpes,96.037937,110.410308
2020-04,Auvergne-Rhône-Alpes,67.64169,139.158867
2020-06,Occitanie,246.977511,313.45136
2020-07,Occitanie,250.536028,358.650537
2020-12,Occitanie,370.983197,76.796211
2020-11,Grand Est,644.444783,29.915236
2020-07,Bourgogne-Franche-Comté,86.766438,52.006077
